regiao,estado,coduf,data,semanaEpi,casosAcumulado,casosNovos,obitosAcumulado,obitosNovos
Norte,RO,11,20/03/20,12,1,1,0,0
Norte,RO,11,21/03/20,12,1,0,0,0
Norte,RO,11,22/03/20,13,3,2,0,0
Norte,RO,11,23/03/20,13,3,0,0,0
Norte,RO,11,24/03/20,13,3,0,0,0
Norte,RO,11,25/03/20,13,5,2,0,0
Norte,RO,11,26/03/20,13,5,0,0,0
Norte,RO,11,27/03/20,13,6,1,0,0
Norte,RO,11,28/03/20,13,6,0,0,0
Norte,RO,11,29/03/20,14,6,0,0,0
Norte,RO,11,30/03/20,14,6,0,0,0
Norte,RO,11,31/03/20,14,8,2,1,1
Norte,RO,11,01/04/20,14,9,1,1,0
Norte,RO,11,02/04/20,14,10,1,1,0
Norte,RO,11,03/04/20,14,10,0,1,0
Norte,RO,11,04/04/20,14,11,1,1,0
Norte,RO,11,05/04/20,15,12,1,1,0
Norte,RO,11,06/04/20,15,14,2,1,0
Norte,RO,11,07/04/20,15,18,4,1,0
Norte,RO,11,08/04/20,15,18,0,1,0
Norte,RO,11,09/04/20,15,28,10,2,1
Norte,RO,11,10/04/20,15,32,4,2,0
Norte,RO,11,11/04/20,15,33,1,2,0
Norte,RO,11,12/04/20,16,35,2,2,0
Norte,RO,11,13/04/20,16,42,7,2,0
Norte,RO,11,14/04/20,16,64,22,2,0
Norte,RO,11,15/04/20,16,69,5,2,0
Norte,RO,11,16/04/20,16,76,7,3,1
Norte,RO,11,17/04/20,16,92,16,3,0
Norte,RO,11,18/04/20,16,110,18,3,0
Norte,RO,11,19/04/20,17,128,18,4,1
Norte,RO,11,20/04/20,17,160,32,4,0
Norte,RO,11,21/04/20,17,199,39,4,0
Norte,RO,11,22/04/20,17,223,24,5,1
Norte,RO,11,23/04/20,17,250,27,5,0
Norte,RO,11,24/04/20,17,290,40,5,0
Norte,RO,11,25/04/20,17,328,38,7,2
Norte,RO,11,26/04/20,18,364,36,10,3
Norte,RO,11,27/04/20,18,393,29,10,0
Norte,RO,11,28/04/20,18,413,20,11,1
Norte,RO,11,29/04/20,18,433,20,15,4
Norte,RO,11,30/04/20,18,502,69,16,1
Norte,RO,11,01/05/20,18,585,83,18,2
Norte,RO,11,02/05/20,18,653,68,23,5
Norte,RO,11,03/05/20,19,705,52,24,1
Norte,RO,11,04/05/20,19,756,51,25,1
Norte,RO,11,05/05/20,19,861,105,29,4
Norte,RO,11,06/05/20,19,943,82,33,4
Norte,RO,11,07/05/20,19,1098,155,37,4
Norte,RO,11,08/05/20,19,1222,124,39,2
Norte,RO,11,09/05/20,19,1263,41,41,2
Norte,RO,11,10/05/20,20,1302,39,43,2
Norte,RO,11,11/05/20,20,1396,94,47,4
Norte,RO,11,12/05/20,20,1460,64,50,3
Norte,RO,11,13/05/20,20,1612,152,50,0
Norte,RO,11,14/05/20,20,1686,74,56,6
Norte,RO,11,15/05/20,20,1789,103,62,6
Norte,RO,11,16/05/20,20,1919,130,69,7
Norte,RO,11,17/05/20,21,1963,44,74,5
Norte,RO,11,18/05/20,21,2043,80,77,3
Norte,RO,11,19/05/20,21,2257,214,87,10
Norte,RO,11,20/05/20,21,2499,242,90,3
Norte,RO,11,21/05/20,21,2659,160,101,11
Norte,RO,11,22/05/20,21,2774,115,106,5
Norte,RO,11,23/05/20,21,3109,335,115,9
Norte,RO,11,24/05/20,22,3201,92,121,6
Norte,RO,11,25/05/20,22,3268,67,121,0
Norte,RO,11,26/05/20,22,3493,225,133,12
Norte,RO,11,27/05/20,22,3862,369,137,4
Norte,RO,11,28/05/20,22,4252,390,142,5
Norte,RO,11,29/05/20,22,4502,250,145,3
Norte,RO,11,30/05/20,22,4743,241,151,6
Norte,RO,11,31/05/20,23,4942,199,156,5
Norte,RO,11,01/06/20,23,5172,230,159,3
Norte,RO,11,02/06/20,23,5477,305,172,13
Norte,RO,11,03/06/20,23,5713,236,180,8
Norte,RO,11,04/06/20,23,6459,746,194,14
Norte,RO,11,05/06/20,23,6862,403,213,19
Norte,RO,11,06/06/20,23,7700,838,228,15
Norte,RO,11,07/06/20,24,8110,410,235,7
Norte,RO,11,08/06/20,24,8626,516,245,10
Norte,AC,12,19/03/20,12,3,3,0,0
Norte,AC,12,20/03/20,12,7,4,0,0
Norte,AC,12,21/03/20,12,9,2,0,0
Norte,AC,12,22/03/20,13,11,2,0,0
Norte,AC,12,23/03/20,13,11,0,0,0
Norte,AC,12,24/03/20,13,17,6,0,0
Norte,AC,12,25/03/20,13,23,6,0,0
Norte,AC,12,26/03/20,13,24,1,0,0
Norte,AC,12,27/03/20,13,25,1,0,0
Norte,AC,12,28/03/20,13,25,0,0,0
Norte,AC,12,29/03/20,14,34,9,0,0
Norte,AC,12,30/03/20,14,42,8,0,0
Norte,AC,12,31/03/20,14,42,0,0,0
Norte,AC,12,01/04/20,14,43,1,0,0
Norte,AC,12,02/04/20,14,43,0,0,0
Norte,AC,12,03/04/20,14,46,3,0,0
Norte,AC,12,04/04/20,14,46,0,0,0
Norte,AC,12,05/04/20,15,48,2,0,0
Norte,AC,12,06/04/20,15,50,2,0,0
Norte,AC,12,07/04/20,15,50,0,1,1
Norte,AC,12,08/04/20,15,54,4,2,1
Norte,AC,12,09/04/20,15,62,8,2,0
Norte,AC,12,10/04/20,15,70,8,2,0
Norte,AC,12,11/04/20,15,72,2,2,0
Norte,AC,12,12/04/20,16,77,5,2,0
Norte,AC,12,13/04/20,16,90,13,3,1
Norte,AC,12,14/04/20,16,99,9,3,0
Norte,AC,12,15/04/20,16,101,2,3,0
Norte,AC,12,16/04/20,16,110,9,5,2
Norte,AC,12,17/04/20,16,135,25,5,0
Norte,AC,12,18/04/20,16,142,7,5,0
Norte,AC,12,19/04/20,17,163,21,6,1
Norte,AC,12,20/04/20,17,176,13,8,2
Norte,AC,12,21/04/20,17,195,19,8,0
Norte,AC,12,22/04/20,17,214,19,8,0
Norte,AC,12,23/04/20,17,227,13,10,2
Norte,AC,12,24/04/20,17,234,7,11,1
Norte,AC,12,25/04/20,17,258,24,11,0
Norte,AC,12,26/04/20,18,279,21,11,0
Norte,AC,12,27/04/20,18,279,0,14,3
Norte,AC,12,28/04/20,18,311,32,16,2
Norte,AC,12,29/04/20,18,354,43,17,1
Norte,AC,12,30/04/20,18,404,50,19,2
Norte,AC,12,01/05/20,18,486,82,19,0
Norte,AC,12,02/05/20,18,553,67,21,2
Norte,AC,12,03/05/20,19,657,104,24,3
Norte,AC,12,04/05/20,19,733,76,28,4
Norte,AC,12,05/05/20,19,817,84,29,1
Norte,AC,12,06/05/20,19,943,126,33,4
Norte,AC,12,07/05/20,19,1014,71,36,3
Norte,AC,12,08/05/20,19,1177,163,38,2
Norte,AC,12,09/05/20,19,1335,158,39,1
Norte,AC,12,10/05/20,20,1447,112,41,2
Norte,AC,12,11/05/20,20,1460,13,45,4
Norte,AC,12,12/05/20,20,1590,130,51,6
Norte,AC,12,13/05/20,20,1694,104,52,1
Norte,AC,12,14/05/20,20,1740,46,55,3
Norte,AC,12,15/05/20,20,1785,45,57,2
Norte,AC,12,16/05/20,20,1867,82,59,2
Norte,AC,12,17/05/20,21,1997,130,60,1
Norte,AC,12,18/05/20,21,2234,237,67,7
Norte,AC,12,19/05/20,21,2482,248,72,5
Norte,AC,12,20/05/20,21,2817,335,76,4
Norte,AC,12,21/05/20,21,3103,286,78,2
Norte,AC,12,22/05/20,21,3343,240,80,2
Norte,AC,12,23/05/20,21,3867,524,87,7
Norte,AC,12,24/05/20,22,4160,293,92,5
Norte,AC,12,25/05/20,22,4501,341,97,5
Norte,AC,12,26/05/20,22,4781,280,105,8
Norte,AC,12,27/05/20,22,5251,470,113,8
Norte,AC,12,28/05/20,22,5600,349,122,9
Norte,AC,12,29/05/20,22,5841,241,135,13
Norte,AC,12,30/05/20,22,6072,231,142,7
Norte,AC,12,31/05/20,23,6219,147,148,6
Norte,AC,12,01/06/20,23,6326,107,161,13
Norte,AC,12,02/06/20,23,6465,139,165,4
Norte,AC,12,03/06/20,23,6679,214,171,6
Norte,AC,12,04/06/20,23,7021,342,181,10
Norte,AC,12,05/06/20,23,7284,263,190,9
Norte,AC,12,06/06/20,23,7525,241,201,11
Norte,AC,12,07/06/20,24,7983,458,207,6
Norte,AC,12,08/06/20,24,8128,145,211,4
Norte,AM,13,15/03/20,12,1,1,0,0
Norte,AM,13,16/03/20,12,1,0,0,0
Norte,AM,13,17/03/20,12,1,0,0,0
Norte,AM,13,18/03/20,12,1,0,0,0
Norte,AM,13,19/03/20,12,3,2,0,0
Norte,AM,13,20/03/20,12,3,0,0,0
Norte,AM,13,21/03/20,12,11,8,0,0
Norte,AM,13,22/03/20,13,26,15,0,0
Norte,AM,13,23/03/20,13,32,6,0,0
Norte,AM,13,24/03/20,13,47,15,0,0
Norte,AM,13,25/03/20,13,54,7,1,1
Norte,AM,13,26/03/20,13,67,13,1,0
Norte,AM,13,27/03/20,13,81,14,1,0
Norte,AM,13,28/03/20,13,111,30,1,0
Norte,AM,13,29/03/20,14,140,29,1,0
Norte,AM,13,30/03/20,14,151,11,1,0
Norte,AM,13,31/03/20,14,175,24,3,2
Norte,AM,13,01/04/20,14,200,25,3,0
Norte,AM,13,02/04/20,14,229,29,3,0
Norte,AM,13,03/04/20,14,260,31,7,4
Norte,AM,13,04/04/20,14,311,51,12,5
Norte,AM,13,05/04/20,15,417,106,14,2
Norte,AM,13,06/04/20,15,532,115,19,5
Norte,AM,13,07/04/20,15,636,104,23,4
Norte,AM,13,08/04/20,15,804,168,30,7
Norte,AM,13,09/04/20,15,899,95,40,10
Norte,AM,13,10/04/20,15,981,82,50,10
Norte,AM,13,11/04/20,15,1050,69,53,3
Norte,AM,13,12/04/20,16,1206,156,62,9
Norte,AM,13,13/04/20,16,1275,69,71,9
Norte,AM,13,14/04/20,16,1484,209,90,19
Norte,AM,13,15/04/20,16,1554,70,106,16
Norte,AM,13,16/04/20,16,1719,165,124,18
Norte,AM,13,17/04/20,16,1809,90,145,21
Norte,AM,13,18/04/20,16,1897,88,161,16
Norte,AM,13,19/04/20,17,2044,147,182,21
Norte,AM,13,20/04/20,17,2160,116,185,3
Norte,AM,13,21/04/20,17,2270,110,193,8
Norte,AM,13,22/04/20,17,2479,209,207,14
Norte,AM,13,23/04/20,17,2888,409,234,27
Norte,AM,13,24/04/20,17,3194,306,255,21
Norte,AM,13,25/04/20,17,3635,441,287,32
Norte,AM,13,26/04/20,18,3833,198,304,17
Norte,AM,13,27/04/20,18,3928,95,320,16
Norte,AM,13,28/04/20,18,4337,409,351,31
Norte,AM,13,29/04/20,18,4801,464,380,29
Norte,AM,13,30/04/20,18,5254,453,425,45
Norte,AM,13,01/05/20,18,5723,469,476,51
Norte,AM,13,02/05/20,18,6062,339,501,25
Norte,AM,13,03/05/20,19,6683,621,548,47
Norte,AM,13,04/05/20,19,7242,559,584,36
Norte,AM,13,05/05/20,19,8109,867,649,65
Norte,AM,13,06/05/20,19,9243,1134,751,102
Norte,AM,13,07/05/20,19,10099,856,806,55
Norte,AM,13,08/05/20,19,10727,628,874,68
Norte,AM,13,09/05/20,19,11925,1198,962,88
Norte,AM,13,10/05/20,20,12599,674,1004,42
Norte,AM,13,11/05/20,20,12919,320,1035,31
Norte,AM,13,12/05/20,20,14168,1249,1098,63
Norte,AM,13,13/05/20,20,15816,1648,1160,62
Norte,AM,13,14/05/20,20,17181,1365,1235,75
Norte,AM,13,15/05/20,20,18392,1211,1331,96
Norte,AM,13,16/05/20,20,19677,1285,1375,44
Norte,AM,13,17/05/20,21,20328,651,1413,38
Norte,AM,13,18/05/20,21,20913,585,1433,20
Norte,AM,13,19/05/20,21,22132,1219,1491,58
Norte,AM,13,20/05/20,21,23704,1572,1561,70
Norte,AM,13,21/05/20,21,25367,1663,1620,59
Norte,AM,13,22/05/20,21,27038,1671,1669,49
Norte,AM,13,23/05/20,21,28802,1764,1744,75
Norte,AM,13,24/05/20,22,29867,1065,1758,14
Norte,AM,13,25/05/20,22,30282,415,1781,23
Norte,AM,13,26/05/20,22,31949,1667,1852,71
Norte,AM,13,27/05/20,22,33508,1559,1891,39
Norte,AM,13,28/05/20,22,36146,2638,1964,73
Norte,AM,13,29/05/20,22,38909,2763,2011,47
Norte,AM,13,30/05/20,22,40560,1651,2047,36
Norte,AM,13,31/05/20,23,41378,818,2052,5
Norte,AM,13,01/06/20,23,41774,396,2071,19
Norte,AM,13,02/06/20,23,43195,1421,2102,31
Norte,AM,13,03/06/20,23,44347,1152,2138,36
Norte,AM,13,04/06/20,23,46473,2126,2183,45
Norte,AM,13,05/06/20,23,47666,1193,2199,16
Norte,AM,13,06/06/20,23,48785,1119,2232,33
Norte,AM,13,07/06/20,24,49269,484,2250,18
Norte,AM,13,08/06/20,24,49811,542,2271,21
Norte,RR,14,22/03/20,13,2,2,0,0
Norte,RR,14,23/03/20,13,2,0,0,0
Norte,RR,14,24/03/20,13,2,0,0,0
Norte,RR,14,25/03/20,13,8,6,0,0
Norte,RR,14,26/03/20,13,8,0,0,0
Norte,RR,14,27/03/20,13,10,2,0,0
Norte,RR,14,28/03/20,13,12,2,0,0
Norte,RR,14,29/03/20,14,16,4,0,0
Norte,RR,14,30/03/20,14,16,0,0,0
Norte,RR,14,31/03/20,14,16,0,0,0
Norte,RR,14,01/04/20,14,22,6,0,0
Norte,RR,14,02/04/20,14,26,4,0,0
Norte,RR,14,03/04/20,14,30,4,0,0
Norte,RR,14,04/04/20,14,37,7,1,1
Norte,RR,14,05/04/20,15,42,5,1,0
Norte,RR,14,06/04/20,15,42,0,1,0
Norte,RR,14,07/04/20,15,42,0,1,0
Norte,RR,14,08/04/20,15,49,7,1,0
Norte,RR,14,09/04/20,15,52,3,1,0
Norte,RR,14,10/04/20,15,63,11,3,2
Norte,RR,14,11/04/20,15,75,12,3,0
Norte,RR,14,12/04/20,16,79,4,3,0
Norte,RR,14,13/04/20,16,83,4,3,0
Norte,RR,14,14/04/20,16,113,30,3,0
Norte,RR,14,15/04/20,16,114,1,3,0
Norte,RR,14,16/04/20,16,142,28,3,0
Norte,RR,14,17/04/20,16,164,22,3,0
Norte,RR,14,18/04/20,16,201,37,3,0
Norte,RR,14,19/04/20,17,222,21,3,0
Norte,RR,14,20/04/20,17,244,22,3,0
Norte,RR,14,21/04/20,17,247,3,3,0
Norte,RR,14,22/04/20,17,280,33,3,0
Norte,RR,14,23/04/20,17,297,17,3,0
Norte,RR,14,24/04/20,17,304,7,3,0
Norte,RR,14,25/04/20,17,345,41,3,0
Norte,RR,14,26/04/20,18,401,56,4,1
Norte,RR,14,27/04/20,18,407,6,4,0
Norte,RR,14,28/04/20,18,425,18,6,2
Norte,RR,14,29/04/20,18,452,27,6,0
Norte,RR,14,30/04/20,18,519,67,7,1
Norte,RR,14,01/05/20,18,602,83,8,1
Norte,RR,14,02/05/20,18,668,66,9,1
Norte,RR,14,03/05/20,19,740,72,11,2
Norte,RR,14,04/05/20,19,806,66,11,0
Norte,RR,14,05/05/20,19,869,63,11,0
Norte,RR,14,06/05/20,19,932,63,13,2
Norte,RR,14,07/05/20,19,1020,88,14,1
Norte,RR,14,08/05/20,19,1124,104,16,2
Norte,RR,14,09/05/20,19,1202,78,18,2
Norte,RR,14,10/05/20,20,1290,88,21,3
Norte,RR,14,11/05/20,20,1295,5,24,3
Norte,RR,14,12/05/20,20,1328,33,27,3
Norte,RR,14,13/05/20,20,1411,83,29,2
Norte,RR,14,14/05/20,20,1500,89,37,8
Norte,RR,14,15/05/20,20,1589,89,40,3
Norte,RR,14,16/05/20,20,1706,117,49,9
Norte,RR,14,17/05/20,21,1791,85,51,2
Norte,RR,14,18/05/20,21,1876,85,60,9
Norte,RR,14,19/05/20,21,1985,109,61,1
Norte,RR,14,20/05/20,21,2067,82,64,3
Norte,RR,14,21/05/20,21,2146,79,72,8
Norte,RR,14,22/05/20,21,2306,160,81,9
Norte,RR,14,23/05/20,21,2374,68,81,0
Norte,RR,14,24/05/20,22,2439,65,84,3
Norte,RR,14,25/05/20,22,2514,75,86,2
Norte,RR,14,26/05/20,22,2583,69,102,16
Norte,RR,14,27/05/20,22,2682,99,102,0
Norte,RR,14,28/05/20,22,2959,277,102,0
Norte,RR,14,29/05/20,22,3098,139,108,6
Norte,RR,14,30/05/20,22,3299,201,110,2
Norte,RR,14,31/05/20,23,3474,175,116,6
Norte,RR,14,01/06/20,23,3692,218,116,0
Norte,RR,14,02/06/20,23,3850,158,120,4
Norte,RR,14,03/06/20,23,4143,293,124,4
Norte,RR,14,04/06/20,23,4483,340,127,3
Norte,RR,14,05/06/20,23,4831,348,139,12
Norte,RR,14,06/06/20,23,5238,407,139,0
Norte,RR,14,07/06/20,24,5529,291,142,3
Norte,RR,14,08/06/20,24,5768,239,145,3
Norte,PA,15,19/03/20,12,1,1,0,0
Norte,PA,15,20/03/20,12,2,1,0,0
Norte,PA,15,21/03/20,12,2,0,0,0
Norte,PA,15,22/03/20,13,4,2,0,0
Norte,PA,15,23/03/20,13,5,1,0,0
Norte,PA,15,24/03/20,13,5,0,0,0
Norte,PA,15,25/03/20,13,7,2,0,0
Norte,PA,15,26/03/20,13,13,6,0,0
Norte,PA,15,27/03/20,13,13,0,0,0
Norte,PA,15,28/03/20,13,17,4,0,0
Norte,PA,15,29/03/20,14,18,1,0,0
Norte,PA,15,30/03/20,14,21,3,0,0
Norte,PA,15,31/03/20,14,32,11,0,0
Norte,PA,15,01/04/20,14,40,8,1,1
Norte,PA,15,02/04/20,14,46,6,1,0
Norte,PA,15,03/04/20,14,50,4,1,0
Norte,PA,15,04/04/20,14,80,30,1,0
Norte,PA,15,05/04/20,15,86,6,1,0
Norte,PA,15,06/04/20,15,102,16,3,2
Norte,PA,15,07/04/20,15,138,36,5,2
Norte,PA,15,08/04/20,15,167,29,6,1
Norte,PA,15,09/04/20,15,168,1,7,1
Norte,PA,15,10/04/20,15,170,2,9,2
Norte,PA,15,11/04/20,15,217,47,10,1
Norte,PA,15,12/04/20,16,246,29,13,3
Norte,PA,15,13/04/20,16,270,24,15,2
Norte,PA,15,14/04/20,16,323,53,19,4
Norte,PA,15,15/04/20,16,384,61,21,2
Norte,PA,15,16/04/20,16,438,54,24,3
Norte,PA,15,17/04/20,16,557,119,26,2
Norte,PA,15,18/04/20,16,640,83,33,7
Norte,PA,15,19/04/20,17,685,45,34,1
Norte,PA,15,20/04/20,17,902,217,35,1
Norte,PA,15,21/04/20,17,1026,124,38,3
Norte,PA,15,22/04/20,17,1195,169,43,5
Norte,PA,15,23/04/20,17,1267,72,53,10
Norte,PA,15,24/04/20,17,1446,179,75,22
Norte,PA,15,25/04/20,17,1579,133,86,11
Norte,PA,15,26/04/20,18,1867,288,100,14
Norte,PA,15,27/04/20,18,2128,261,114,14
Norte,PA,15,28/04/20,18,2262,134,129,15
Norte,PA,15,29/04/20,18,2422,160,137,8
Norte,PA,15,30/04/20,18,2876,454,208,71
Norte,PA,15,01/05/20,18,3176,300,235,27
Norte,PA,15,02/05/20,18,3460,284,273,38
Norte,PA,15,03/05/20,19,3863,403,309,36
Norte,PA,15,04/05/20,19,4125,262,330,21
Norte,PA,15,05/05/20,19,4472,347,369,39
Norte,PA,15,06/05/20,19,5017,545,392,23
Norte,PA,15,07/05/20,19,5524,507,410,18
Norte,PA,15,08/05/20,19,6141,617,515,105
Norte,PA,15,09/05/20,19,6775,634,578,63
Norte,PA,15,10/05/20,20,7256,481,652,74
Norte,PA,15,11/05/20,20,7563,307,708,56
Norte,PA,15,12/05/20,20,8616,1053,864,156
Norte,PA,15,13/05/20,20,9618,1002,946,82
Norte,PA,15,14/05/20,20,10867,1249,1063,117
Norte,PA,15,15/05/20,20,12109,1242,1145,82
Norte,PA,15,16/05/20,20,13184,1075,1199,54
Norte,PA,15,17/05/20,21,13864,680,1239,40
Norte,PA,15,18/05/20,21,14734,870,1329,90
Norte,PA,15,19/05/20,21,16295,1561,1519,190
Norte,PA,15,20/05/20,21,18135,1840,1633,114
Norte,PA,15,21/05/20,21,19756,1621,1852,219
Norte,PA,15,22/05/20,21,21469,1713,1937,85
Norte,PA,15,23/05/20,21,22697,1228,2001,64
Norte,PA,15,24/05/20,22,24125,1428,2148,147
Norte,PA,15,25/05/20,22,26077,1952,2372,224
Norte,PA,15,26/05/20,22,28600,2523,2469,97
Norte,PA,15,27/05/20,22,31033,2433,2545,76
Norte,PA,15,28/05/20,22,33699,2666,2704,159
Norte,PA,15,29/05/20,22,36486,2787,2827,123
Norte,PA,15,30/05/20,22,37296,810,2900,73
Norte,PA,15,31/05/20,23,37961,665,2923,23
Norte,PA,15,01/06/20,23,38046,85,2925,2
Norte,PA,15,02/06/20,23,41207,3161,3040,115
Norte,PA,15,03/06/20,23,44774,3567,3193,153
Norte,PA,15,04/06/20,23,48049,3275,3416,223
Norte,PA,15,05/06/20,23,50960,2911,3538,122
Norte,PA,15,06/06/20,23,53176,2216,3612,74
Norte,PA,15,07/06/20,24,54271,1095,3678,66
Norte,PA,15,08/06/20,24,56032,1761,3772,94
Norte,AP,16,20/03/20,12,1,1,0,0
Norte,AP,16,21/03/20,12,1,0,0,0
Norte,AP,16,22/03/20,13,1,0,0,0
Norte,AP,16,23/03/20,13,1,0,0,0
Norte,AP,16,24/03/20,13,1,0,0,0
Norte,AP,16,25/03/20,13,1,0,0,0
Norte,AP,16,26/03/20,13,2,1,0,0
Norte,AP,16,27/03/20,13,2,0,0,0
Norte,AP,16,28/03/20,13,4,2,0,0
Norte,AP,16,29/03/20,14,4,0,0,0
Norte,AP,16,30/03/20,14,8,4,0,0
Norte,AP,16,31/03/20,14,10,2,0,0
Norte,AP,16,01/04/20,14,11,1,0,0
Norte,AP,16,02/04/20,14,11,0,0,0
Norte,AP,16,03/04/20,14,19,8,0,0
Norte,AP,16,04/04/20,14,28,9,1,1
Norte,AP,16,05/04/20,15,29,1,2,1
Norte,AP,16,06/04/20,15,34,5,2,0
Norte,AP,16,07/04/20,15,48,14,2,0
Norte,AP,16,08/04/20,15,107,59,2,0
Norte,AP,16,09/04/20,15,128,21,2,0
Norte,AP,16,10/04/20,15,166,38,2,0
Norte,AP,16,11/04/20,15,193,27,3,1
Norte,AP,16,12/04/20,16,230,37,5,2
Norte,AP,16,13/04/20,16,242,12,5,0
Norte,AP,16,14/04/20,16,307,65,6,1
Norte,AP,16,15/04/20,16,334,27,7,1
Norte,AP,16,16/04/20,16,362,28,9,2
Norte,AP,16,17/04/20,16,370,8,10,1
Norte,AP,16,18/04/20,16,393,23,10,0
Norte,AP,16,19/04/20,17,416,23,11,1
Norte,AP,16,20/04/20,17,433,17,13,2
Norte,AP,16,21/04/20,17,457,24,13,0
Norte,AP,16,22/04/20,17,479,22,14,1
Norte,AP,16,23/04/20,17,548,69,16,2
Norte,AP,16,24/04/20,17,633,85,18,2
Norte,AP,16,25/04/20,17,685,52,19,1
Norte,AP,16,26/04/20,18,798,113,21,2
Norte,AP,16,27/04/20,18,842,44,26,5
Norte,AP,16,28/04/20,18,918,76,28,2
Norte,AP,16,29/04/20,18,1016,98,31,3
Norte,AP,16,30/04/20,18,1080,64,34,3
Norte,AP,16,01/05/20,18,1121,41,37,3
Norte,AP,16,02/05/20,18,1187,66,40,3
Norte,AP,16,03/05/20,19,1482,295,43,3
Norte,AP,16,04/05/20,19,1733,251,49,6
Norte,AP,16,05/05/20,19,1931,198,55,6
Norte,AP,16,06/05/20,19,2046,115,56,1
Norte,AP,16,07/05/20,19,2199,153,61,5
Norte,AP,16,08/05/20,19,2322,123,66,5
Norte,AP,16,09/05/20,19,2493,171,69,3
Norte,AP,16,10/05/20,20,2613,120,72,3
Norte,AP,16,11/05/20,20,2671,58,73,1
Norte,AP,16,12/05/20,20,2910,239,86,13
Norte,AP,16,13/05/20,20,3005,95,94,8
Norte,AP,16,14/05/20,20,3428,423,101,7
Norte,AP,16,15/05/20,20,3630,202,103,2
Norte,AP,16,16/05/20,20,3834,204,108,5
Norte,AP,16,17/05/20,21,3952,118,119,11
Norte,AP,16,18/05/20,21,4023,71,127,8
Norte,AP,16,19/05/20,21,4310,287,136,9
Norte,AP,16,20/05/20,21,4549,239,142,6
Norte,AP,16,21/05/20,21,5188,639,151,9
Norte,AP,16,22/05/20,21,5655,467,157,6
Norte,AP,16,23/05/20,21,6091,436,162,5
Norte,AP,16,24/05/20,22,6353,262,163,1
Norte,AP,16,25/05/20,22,6584,231,168,5
Norte,AP,16,26/05/20,22,6967,383,173,5
Norte,AP,16,27/05/20,22,7619,652,183,10
Norte,AP,16,28/05/20,22,8152,533,198,15
Norte,AP,16,29/05/20,22,8469,317,207,9
Norte,AP,16,30/05/20,22,9313,844,215,8
Norte,AP,16,31/05/20,23,9602,289,222,7
Norte,AP,16,01/06/20,23,9890,288,228,6
Norte,AP,16,02/06/20,23,10511,621,237,9
Norte,AP,16,03/06/20,23,11107,596,247,10
Norte,AP,16,04/06/20,23,11551,444,254,7
Norte,AP,16,05/06/20,23,12327,776,260,6
Norte,AP,16,06/06/20,23,12773,446,269,9
Norte,AP,16,07/06/20,24,13045,272,272,3
Norte,AP,16,08/06/20,24,13294,249,278,6
Norte,TO,17,19/03/20,12,1,1,0,0
Norte,TO,17,20/03/20,12,1,0,0,0
Norte,TO,17,21/03/20,12,2,1,0,0
Norte,TO,17,22/03/20,13,2,0,0,0
Norte,TO,17,23/03/20,13,5,3,0,0
Norte,TO,17,24/03/20,13,7,2,0,0
Norte,TO,17,25/03/20,13,7,0,0,0
Norte,TO,17,26/03/20,13,7,0,0,0
Norte,TO,17,27/03/20,13,8,1,0,0
Norte,TO,17,28/03/20,13,9,1,0,0
Norte,TO,17,29/03/20,14,9,0,0,0
Norte,TO,17,30/03/20,14,10,1,0,0
Norte,TO,17,31/03/20,14,11,1,0,0
Norte,TO,17,01/04/20,14,12,1,0,0
Norte,TO,17,02/04/20,14,12,0,0,0
Norte,TO,17,03/04/20,14,12,0,0,0
Norte,TO,17,04/04/20,14,14,2,0,0
Norte,TO,17,05/04/20,15,17,3,0,0
Norte,TO,17,06/04/20,15,17,0,0,0
Norte,TO,17,07/04/20,15,19,2,0,0
Norte,TO,17,08/04/20,15,23,4,0,0
Norte,TO,17,09/04/20,15,23,0,0,0
Norte,TO,17,10/04/20,15,23,0,0,0
Norte,TO,17,11/04/20,15,23,0,0,0
Norte,TO,17,12/04/20,16,25,2,0,0
Norte,TO,17,13/04/20,16,26,1,0,0
Norte,TO,17,14/04/20,16,26,0,0,0
Norte,TO,17,15/04/20,16,26,0,1,1
Norte,TO,17,16/04/20,16,29,3,1,0
Norte,TO,17,17/04/20,16,31,2,1,0
Norte,TO,17,18/04/20,16,33,2,1,0
Norte,TO,17,19/04/20,17,33,0,1,0
Norte,TO,17,20/04/20,17,34,1,1,0
Norte,TO,17,21/04/20,17,37,3,1,0
Norte,TO,17,22/04/20,17,37,0,1,0
Norte,TO,17,23/04/20,17,37,0,2,1
Norte,TO,17,24/04/20,17,43,6,2,0
Norte,TO,17,25/04/20,17,50,7,2,0
Norte,TO,17,26/04/20,18,58,8,2,0
Norte,TO,17,27/04/20,18,67,9,2,0
Norte,TO,17,28/04/20,18,79,12,2,0
Norte,TO,17,29/04/20,18,116,37,3,1
Norte,TO,17,30/04/20,18,137,21,3,0
Norte,TO,17,01/05/20,18,164,27,3,0
Norte,TO,17,02/05/20,18,191,27,4,1
Norte,TO,17,03/05/20,19,246,55,4,0
Norte,TO,17,04/05/20,19,267,21,6,2
Norte,TO,17,05/05/20,19,303,36,7,1
Norte,TO,17,06/05/20,19,351,48,9,2
Norte,TO,17,07/05/20,19,423,72,9,0
Norte,TO,17,08/05/20,19,494,71,9,0
Norte,TO,17,09/05/20,19,572,78,9,0
Norte,TO,17,10/05/20,20,688,116,11,2
Norte,TO,17,11/05/20,20,747,59,12,1
Norte,TO,17,12/05/20,20,828,81,14,2
Norte,TO,17,13/05/20,20,932,104,21,7
Norte,TO,17,14/05/20,20,1029,97,23,2
Norte,TO,17,15/05/20,20,1179,150,24,1
Norte,TO,17,16/05/20,20,1279,100,27,3
Norte,TO,17,17/05/20,21,1382,103,31,4
Norte,TO,17,18/05/20,21,1496,114,32,1
Norte,TO,17,19/05/20,21,1646,150,38,6
Norte,TO,17,20/05/20,21,1809,163,42,4
Norte,TO,17,21/05/20,21,1976,167,47,5
Norte,TO,17,22/05/20,21,2205,229,49,2
Norte,TO,17,23/05/20,21,2430,225,51,2
Norte,TO,17,24/05/20,22,2591,161,52,1
Norte,TO,17,25/05/20,22,2696,105,58,6
Norte,TO,17,26/05/20,22,2858,162,64,6
Norte,TO,17,27/05/20,22,3023,165,65,1
Norte,TO,17,28/05/20,22,3277,254,68,3
Norte,TO,17,29/05/20,22,3611,334,70,2
Norte,TO,17,30/05/20,22,3981,370,71,1
Norte,TO,17,31/05/20,23,4176,195,73,2
Norte,TO,17,01/06/20,23,4345,169,76,3
Norte,TO,17,02/06/20,23,4483,138,79,3
Norte,TO,17,03/06/20,23,4698,215,82,3
Norte,TO,17,04/06/20,23,4881,183,87,5
Norte,TO,17,05/06/20,23,5182,301,89,2
Norte,TO,17,06/06/20,23,5505,323,96,7
Norte,TO,17,07/06/20,24,5644,139,99,3
Norte,TO,17,08/06/20,24,5807,163,108,9
Nordeste,MA,21,21/03/20,12,1,1,0,0
Nordeste,MA,21,22/03/20,13,2,1,0,0
Nordeste,MA,21,23/03/20,13,2,0,0,0
Nordeste,MA,21,24/03/20,13,8,6,0,0
Nordeste,MA,21,25/03/20,13,8,0,0,0
Nordeste,MA,21,26/03/20,13,10,2,0,0
Nordeste,MA,21,27/03/20,13,13,3,0,0
Nordeste,MA,21,28/03/20,13,14,1,0,0
Nordeste,MA,21,29/03/20,14,16,2,0,0
Nordeste,MA,21,30/03/20,14,23,7,1,1
Nordeste,MA,21,31/03/20,14,31,8,1,0
Nordeste,MA,21,01/04/20,14,52,21,1,0
Nordeste,MA,21,02/04/20,14,71,19,1,0
Nordeste,MA,21,03/04/20,14,81,10,1,0
Nordeste,MA,21,04/04/20,14,88,7,1,0
Nordeste,MA,21,05/04/20,15,96,8,2,1
Nordeste,MA,21,06/04/20,15,133,37,2,0
Nordeste,MA,21,07/04/20,15,172,39,4,2
Nordeste,MA,21,08/04/20,15,230,58,11,7
Nordeste,MA,21,09/04/20,15,273,43,12,1
Nordeste,MA,21,10/04/20,15,293,20,16,4
Nordeste,MA,21,11/04/20,15,344,51,21,5
Nordeste,MA,21,12/04/20,16,398,54,24,3
Nordeste,MA,21,13/04/20,16,445,47,27,3
Nordeste,MA,21,14/04/20,16,478,33,32,5
Nordeste,MA,21,15/04/20,16,630,152,34,2
Nordeste,MA,21,16/04/20,16,695,65,37,3
Nordeste,MA,21,17/04/20,16,797,102,40,3
Nordeste,MA,21,18/04/20,16,1040,243,44,4
Nordeste,MA,21,19/04/20,17,1205,165,48,4
Nordeste,MA,21,20/04/20,17,1320,115,54,6
Nordeste,MA,21,21/04/20,17,1396,76,60,6
Nordeste,MA,21,22/04/20,17,1604,208,66,6
Nordeste,MA,21,23/04/20,17,1757,153,76,10
Nordeste,MA,21,24/04/20,17,1951,194,88,12
Nordeste,MA,21,25/04/20,17,2105,154,100,12
Nordeste,MA,21,26/04/20,18,2223,118,112,12
Nordeste,MA,21,27/04/20,18,2410,187,125,13
Nordeste,MA,21,28/04/20,18,2528,118,145,20
Nordeste,MA,21,29/04/20,18,2804,276,166,21
Nordeste,MA,21,30/04/20,18,3190,386,184,18
Nordeste,MA,21,01/05/20,18,3506,316,204,20
Nordeste,MA,21,02/05/20,18,3805,299,224,20
Nordeste,MA,21,03/05/20,19,4040,235,237,13
Nordeste,MA,21,04/05/20,19,4227,187,249,12
Nordeste,MA,21,05/05/20,19,4530,303,271,22
Nordeste,MA,21,06/05/20,19,5028,498,291,20
Nordeste,MA,21,07/05/20,19,5389,361,305,14
Nordeste,MA,21,08/05/20,19,5909,520,330,25
Nordeste,MA,21,09/05/20,19,6765,856,355,25
Nordeste,MA,21,10/05/20,20,7599,834,379,24
Nordeste,MA,21,11/05/20,20,8144,545,399,20
Nordeste,MA,21,12/05/20,20,8526,382,423,24
Nordeste,MA,21,13/05/20,20,9112,586,444,21
Nordeste,MA,21,14/05/20,20,9801,689,470,26
Nordeste,MA,21,15/05/20,20,10739,938,496,26
Nordeste,MA,21,16/05/20,20,11592,853,524,28
Nordeste,MA,21,17/05/20,21,12492,900,549,25
Nordeste,MA,21,18/05/20,21,13238,746,576,27
Nordeste,MA,21,19/05/20,21,14198,960,604,28
Nordeste,MA,21,20/05/20,21,15114,916,634,30
Nordeste,MA,21,21/05/20,21,16058,944,663,29
Nordeste,MA,21,22/05/20,21,17212,1154,693,30
Nordeste,MA,21,23/05/20,21,18767,1555,722,29
Nordeste,MA,21,24/05/20,22,21191,2424,754,32
Nordeste,MA,21,25/05/20,22,22786,1595,784,30
Nordeste,MA,21,26/05/20,22,24278,1492,817,33
Nordeste,MA,21,27/05/20,22,26145,1867,853,36
Nordeste,MA,21,28/05/20,22,27979,1834,887,34
Nordeste,MA,21,29/05/20,22,30482,2503,911,24
Nordeste,MA,21,30/05/20,22,32620,2138,932,21
Nordeste,MA,21,31/05/20,23,34639,2019,955,23
Nordeste,MA,21,01/06/20,23,35297,658,976,21
Nordeste,MA,21,02/06/20,23,36625,1328,997,21
Nordeste,MA,21,03/06/20,23,38174,1549,1028,31
Nordeste,MA,21,04/06/20,23,40629,2455,1062,34
Nordeste,MA,21,05/06/20,23,43313,2684,1095,33
Nordeste,MA,21,06/06/20,23,45470,2157,1132,37
Nordeste,MA,21,07/06/20,24,47593,2123,1170,38
Nordeste,MA,21,08/06/20,24,49371,1778,1247,77
Nordeste,PI,22,20/03/20,12,3,3,0,0
Nordeste,PI,22,21/03/20,12,4,1,0,0
Nordeste,PI,22,22/03/20,13,4,0,0,0
Nordeste,PI,22,23/03/20,13,6,2,0,0
Nordeste,PI,22,24/03/20,13,6,0,0,0
Nordeste,PI,22,25/03/20,13,8,2,0,0
Nordeste,PI,22,26/03/20,13,9,1,0,0
Nordeste,PI,22,27/03/20,13,9,0,0,0
Nordeste,PI,22,28/03/20,13,11,2,1,1
Nordeste,PI,22,29/03/20,14,14,3,1,0
Nordeste,PI,22,30/03/20,14,16,2,3,2
Nordeste,PI,22,31/03/20,14,18,2,4,1
Nordeste,PI,22,01/04/20,14,18,0,4,0
Nordeste,PI,22,02/04/20,14,19,1,4,0
Nordeste,PI,22,03/04/20,14,21,2,4,0
Nordeste,PI,22,04/04/20,14,22,1,4,0
Nordeste,PI,22,05/04/20,15,23,1,4,0
Nordeste,PI,22,06/04/20,15,23,0,4,0
Nordeste,PI,22,07/04/20,15,28,5,4,0
Nordeste,PI,22,08/04/20,15,31,3,5,1
Nordeste,PI,22,09/04/20,15,38,7,6,1
Nordeste,PI,22,10/04/20,15,40,2,7,1
Nordeste,PI,22,11/04/20,15,41,1,7,0
Nordeste,PI,22,12/04/20,16,44,3,7,0
Nordeste,PI,22,13/04/20,16,50,6,8,1
Nordeste,PI,22,14/04/20,16,58,8,8,0
Nordeste,PI,22,15/04/20,16,75,17,8,0
Nordeste,PI,22,16/04/20,16,91,16,8,0
Nordeste,PI,22,17/04/20,16,102,11,8,0
Nordeste,PI,22,18/04/20,16,123,21,9,1
Nordeste,PI,22,19/04/20,17,145,22,10,1
Nordeste,PI,22,20/04/20,17,158,13,12,2
Nordeste,PI,22,21/04/20,17,186,28,14,2
Nordeste,PI,22,22/04/20,17,206,20,15,1
Nordeste,PI,22,23/04/20,17,217,11,15,0
Nordeste,PI,22,24/04/20,17,256,39,16,1
Nordeste,PI,22,25/04/20,17,297,41,17,1
Nordeste,PI,22,26/04/20,18,331,34,18,1
Nordeste,PI,22,27/04/20,18,364,33,20,2
Nordeste,PI,22,28/04/20,18,408,44,21,1
Nordeste,PI,22,29/04/20,18,454,46,24,3
Nordeste,PI,22,30/04/20,18,513,59,24,0
Nordeste,PI,22,01/05/20,18,600,87,24,0
Nordeste,PI,22,02/05/20,18,665,65,26,2
Nordeste,PI,22,03/05/20,19,742,77,28,2
Nordeste,PI,22,04/05/20,19,784,42,28,0
Nordeste,PI,22,05/05/20,19,875,91,29,1
Nordeste,PI,22,06/05/20,19,949,74,30,1
Nordeste,PI,22,07/05/20,19,1051,102,35,5
Nordeste,PI,22,08/05/20,19,1131,80,37,2
Nordeste,PI,22,09/05/20,19,1233,102,38,1
Nordeste,PI,22,10/05/20,20,1278,45,42,4
Nordeste,PI,22,11/05/20,20,1332,54,45,3
Nordeste,PI,22,12/05/20,20,1443,111,49,4
Nordeste,PI,22,13/05/20,20,1612,169,57,8
Nordeste,PI,22,14/05/20,20,1784,172,60,3
Nordeste,PI,22,15/05/20,20,1905,121,60,0
Nordeste,PI,22,16/05/20,20,2085,180,65,5
Nordeste,PI,22,17/05/20,21,2252,167,72,7
Nordeste,PI,22,18/05/20,21,2287,35,80,8
Nordeste,PI,22,19/05/20,21,2440,153,85,5
Nordeste,PI,22,20/05/20,21,2637,197,87,2
Nordeste,PI,22,21/05/20,21,2852,215,91,4
Nordeste,PI,22,22/05/20,21,3074,222,93,2
Nordeste,PI,22,23/05/20,21,3258,184,99,6
Nordeste,PI,22,24/05/20,22,3390,132,107,8
Nordeste,PI,22,25/05/20,22,3550,160,110,3
Nordeste,PI,22,26/05/20,22,3720,170,119,9
Nordeste,PI,22,27/05/20,22,3966,246,134,15
Nordeste,PI,22,28/05/20,22,4243,277,138,4
Nordeste,PI,22,29/05/20,22,4503,260,146,8
Nordeste,PI,22,30/05/20,22,4745,242,157,11
Nordeste,PI,22,31/05/20,23,4931,186,161,4
Nordeste,PI,22,01/06/20,23,5119,188,168,7
Nordeste,PI,22,02/06/20,23,5506,387,180,12
Nordeste,PI,22,03/06/20,23,5828,322,192,12
Nordeste,PI,22,04/06/20,23,6064,236,202,10
Nordeste,PI,22,05/06/20,23,6717,653,217,15
Nordeste,PI,22,06/06/20,23,7105,388,224,7
Nordeste,PI,22,07/06/20,24,7478,373,239,15
Nordeste,PI,22,08/06/20,24,7621,143,254,15
Nordeste,CE,23,17/03/20,12,5,5,0,0
Nordeste,CE,23,18/03/20,12,9,4,0,0
Nordeste,CE,23,19/03/20,12,20,11,0,0
Nordeste,CE,23,20/03/20,12,55,35,0,0
Nordeste,CE,23,21/03/20,12,68,13,0,0
Nordeste,CE,23,22/03/20,13,112,44,0,0
Nordeste,CE,23,23/03/20,13,163,51,0,0
Nordeste,CE,23,24/03/20,13,182,19,0,0
Nordeste,CE,23,25/03/20,13,200,18,0,0
Nordeste,CE,23,26/03/20,13,235,35,3,3
Nordeste,CE,23,27/03/20,13,282,47,3,0
Nordeste,CE,23,28/03/20,13,314,32,4,1
Nordeste,CE,23,29/03/20,14,348,34,5,1
Nordeste,CE,23,30/03/20,14,372,24,5,0
Nordeste,CE,23,31/03/20,14,390,18,7,2
Nordeste,CE,23,01/04/20,14,444,54,8,1
Nordeste,CE,23,02/04/20,14,550,106,20,12
Nordeste,CE,23,03/04/20,14,627,77,22,2
Nordeste,CE,23,04/04/20,14,730,103,22,0
Nordeste,CE,23,05/04/20,15,823,93,26,4
Nordeste,CE,23,06/04/20,15,1013,190,29,3
Nordeste,CE,23,07/04/20,15,1051,38,31,2
Nordeste,CE,23,08/04/20,15,1291,240,43,12
Nordeste,CE,23,09/04/20,15,1425,134,55,12
Nordeste,CE,23,10/04/20,15,1478,53,58,3
Nordeste,CE,23,11/04/20,15,1582,104,67,9
Nordeste,CE,23,12/04/20,16,1676,94,74,7
Nordeste,CE,23,13/04/20,16,1800,124,91,17
Nordeste,CE,23,14/04/20,16,2005,205,107,16
Nordeste,CE,23,15/04/20,16,2157,152,116,9
Nordeste,CE,23,16/04/20,16,2386,229,124,8
Nordeste,CE,23,17/04/20,16,2684,298,149,25
Nordeste,CE,23,18/04/20,16,3034,350,176,27
Nordeste,CE,23,19/04/20,17,3252,218,186,10
Nordeste,CE,23,20/04/20,17,3482,230,198,12
Nordeste,CE,23,21/04/20,17,3716,234,215,17
Nordeste,CE,23,22/04/20,17,3910,194,233,18
Nordeste,CE,23,23/04/20,17,4598,688,266,33
Nordeste,CE,23,24/04/20,17,4800,202,284,18
Nordeste,CE,23,25/04/20,17,5421,621,310,26
Nordeste,CE,23,26/04/20,18,5833,412,327,17
Nordeste,CE,23,27/04/20,18,6726,893,390,63
Nordeste,CE,23,28/04/20,18,6918,192,403,13
Nordeste,CE,23,29/04/20,18,7267,349,441,38
Nordeste,CE,23,30/04/20,18,7606,339,482,41
Nordeste,CE,23,01/05/20,18,7879,273,505,23
Nordeste,CE,23,02/05/20,18,8231,352,614,109
Nordeste,CE,23,03/05/20,19,8370,139,663,49
Nordeste,CE,23,04/05/20,19,11040,2670,712,49
Nordeste,CE,23,05/05/20,19,11470,430,795,83
Nordeste,CE,23,06/05/20,19,12304,834,848,53
Nordeste,CE,23,07/05/20,19,13888,1584,903,55
Nordeste,CE,23,08/05/20,19,14956,1068,966,63
Nordeste,CE,23,09/05/20,19,15879,923,1062,96
Nordeste,CE,23,10/05/20,20,16692,813,1114,52
Nordeste,CE,23,11/05/20,20,17599,907,1189,75
Nordeste,CE,23,12/05/20,20,18412,813,1280,91
Nordeste,CE,23,13/05/20,20,19156,744,1389,109
Nordeste,CE,23,14/05/20,20,21077,1921,1413,24
Nordeste,CE,23,15/05/20,20,22490,1413,1476,63
Nordeste,CE,23,16/05/20,20,23795,1305,1614,138
Nordeste,CE,23,17/05/20,21,24255,460,1641,27
Nordeste,CE,23,18/05/20,21,26363,2108,1748,107
Nordeste,CE,23,19/05/20,21,28112,1749,1856,108
Nordeste,CE,23,20/05/20,21,30560,2448,1900,44
Nordeste,CE,23,21/05/20,21,31413,853,2161,261
Nordeste,CE,23,22/05/20,21,34573,3160,2251,90
Nordeste,CE,23,23/05/20,21,35122,549,2308,57
Nordeste,CE,23,24/05/20,22,35595,473,2324,16
Nordeste,CE,23,25/05/20,22,36185,590,2493,169
Nordeste,CE,23,26/05/20,22,37021,836,2603,110
Nordeste,CE,23,27/05/20,22,37275,254,2671,68
Nordeste,CE,23,28/05/20,22,37821,546,2733,62
Nordeste,CE,23,29/05/20,22,38395,574,2859,126
Nordeste,CE,23,30/05/20,22,46506,8111,2956,97
Nordeste,CE,23,31/05/20,23,48489,1983,3010,54
Nordeste,CE,23,01/06/20,23,50504,2015,3188,178
Nordeste,CE,23,02/06/20,23,53073,2569,3421,233
Nordeste,CE,23,03/06/20,23,56056,2983,3605,184
Nordeste,CE,23,04/06/20,23,59795,3739,3813,208
Nordeste,CE,23,05/06/20,23,61595,1800,3890,77
Nordeste,CE,23,06/06/20,23,63575,1980,3965,75
Nordeste,CE,23,07/06/20,24,64271,696,3982,17
Nordeste,CE,23,08/06/20,24,65605,1334,4120,138
Nordeste,RN,24,13/03/20,11,1,1,0,0
Nordeste,RN,24,14/03/20,11,1,0,0,0
Nordeste,RN,24,15/03/20,12,1,0,0,0
Nordeste,RN,24,16/03/20,12,1,0,0,0
Nordeste,RN,24,17/03/20,12,1,0,0,0
Nordeste,RN,24,18/03/20,12,1,0,0,0
Nordeste,RN,24,19/03/20,12,1,0,0,0
Nordeste,RN,24,20/03/20,12,1,0,0,0
Nordeste,RN,24,21/03/20,12,6,5,0,0
Nordeste,RN,24,22/03/20,13,9,3,0,0
Nordeste,RN,24,23/03/20,13,13,4,0,0
Nordeste,RN,24,24/03/20,13,13,0,0,0
Nordeste,RN,24,25/03/20,13,14,1,0,0
Nordeste,RN,24,26/03/20,13,19,5,0,0
Nordeste,RN,24,27/03/20,13,28,9,0,0
Nordeste,RN,24,28/03/20,13,45,17,0,0
Nordeste,RN,24,29/03/20,14,68,23,1,1
Nordeste,RN,24,30/03/20,14,77,9,1,0
Nordeste,RN,24,31/03/20,14,82,5,1,0
Nordeste,RN,24,01/04/20,14,92,10,2,1
Nordeste,RN,24,02/04/20,14,105,13,2,0
Nordeste,RN,24,03/04/20,14,176,71,4,2
Nordeste,RN,24,04/04/20,14,212,36,5,1
Nordeste,RN,24,05/04/20,15,242,30,7,2
Nordeste,RN,24,06/04/20,15,246,4,7,0
Nordeste,RN,24,07/04/20,15,254,8,8,1
Nordeste,RN,24,08/04/20,15,261,7,11,3
Nordeste,RN,24,09/04/20,15,261,0,11,0
Nordeste,RN,24,10/04/20,15,263,2,11,0
Nordeste,RN,24,11/04/20,15,289,26,13,2
Nordeste,RN,24,12/04/20,16,302,13,15,2
Nordeste,RN,24,13/04/20,16,339,37,17,2
Nordeste,RN,24,14/04/20,16,376,37,18,1
Nordeste,RN,24,15/04/20,16,399,23,19,1
Nordeste,RN,24,16/04/20,16,400,1,20,1
Nordeste,RN,24,17/04/20,16,463,63,23,3
Nordeste,RN,24,18/04/20,16,516,53,24,1
Nordeste,RN,24,19/04/20,17,531,15,25,1
Nordeste,RN,24,20/04/20,17,595,64,27,2
Nordeste,RN,24,21/04/20,17,608,13,28,1
Nordeste,RN,24,22/04/20,17,646,38,29,1
Nordeste,RN,24,23/04/20,17,708,62,34,5
Nordeste,RN,24,24/04/20,17,754,46,38,4
Nordeste,RN,24,25/04/20,17,781,27,40,2
Nordeste,RN,24,26/04/20,18,825,44,44,4
Nordeste,RN,24,27/04/20,18,832,7,45,1
Nordeste,RN,24,28/04/20,18,857,25,48,3
Nordeste,RN,24,29/04/20,18,1086,229,53,5
Nordeste,RN,24,30/04/20,18,1177,91,56,3
Nordeste,RN,24,01/05/20,18,1297,120,56,0
Nordeste,RN,24,02/05/20,18,1366,69,59,3
Nordeste,RN,24,03/05/20,19,1392,26,61,2
Nordeste,RN,24,04/05/20,19,1421,29,62,1
Nordeste,RN,24,05/05/20,19,1536,115,68,6
Nordeste,RN,24,06/05/20,19,1574,38,72,4
Nordeste,RN,24,07/05/20,19,1739,165,76,4
Nordeste,RN,24,08/05/20,19,1821,82,81,5
Nordeste,RN,24,09/05/20,19,1919,98,87,6
Nordeste,RN,24,10/05/20,20,1928,9,88,1
Nordeste,RN,24,11/05/20,20,1989,61,92,4
Nordeste,RN,24,12/05/20,20,2033,44,93,1
Nordeste,RN,24,13/05/20,20,2367,334,105,12
Nordeste,RN,24,14/05/20,20,2537,170,117,12
Nordeste,RN,24,15/05/20,20,2786,249,122,5
Nordeste,RN,24,16/05/20,20,3004,218,136,14
Nordeste,RN,24,17/05/20,21,3137,133,139,3
Nordeste,RN,24,18/05/20,21,3184,47,146,7
Nordeste,RN,24,19/05/20,21,3483,299,160,14
Nordeste,RN,24,20/05/20,21,3796,313,170,10
Nordeste,RN,24,21/05/20,21,4060,264,178,8
Nordeste,RN,24,22/05/20,21,4251,191,181,3
Nordeste,RN,24,23/05/20,21,4599,348,184,3
Nordeste,RN,24,24/05/20,22,4697,98,200,16
Nordeste,RN,24,25/05/20,22,4759,62,209,9
Nordeste,RN,24,26/05/20,22,5472,713,220,11
Nordeste,RN,24,27/05/20,22,5630,158,242,22
Nordeste,RN,24,28/05/20,22,5630,0,254,12
Nordeste,RN,24,29/05/20,22,6463,833,268,14
Nordeste,RN,24,30/05/20,22,7402,939,305,37
Nordeste,RN,24,31/05/20,23,7402,0,305,0
Nordeste,RN,24,01/06/20,23,7964,562,323,18
Nordeste,RN,24,02/06/20,23,8233,269,341,18
Nordeste,RN,24,03/06/20,23,9149,916,367,26
Nordeste,RN,24,04/06/20,23,9282,133,378,11
Nordeste,RN,24,05/06/20,23,9440,158,387,9
Nordeste,RN,24,06/06/20,23,9449,9,410,23
Nordeste,RN,24,07/06/20,24,9452,3,424,14
Nordeste,RN,24,08/06/20,24,10888,1436,431,7
Nordeste,PB,25,19/03/20,12,1,1,0,0
Nordeste,PB,25,20/03/20,12,1,0,0,0
Nordeste,PB,25,21/03/20,12,1,0,0,0
Nordeste,PB,25,22/03/20,13,1,0,0,0
Nordeste,PB,25,23/03/20,13,2,1,0,0
Nordeste,PB,25,24/03/20,13,3,1,0,0
Nordeste,PB,25,25/03/20,13,3,0,0,0
Nordeste,PB,25,26/03/20,13,5,2,0,0
Nordeste,PB,25,27/03/20,13,9,4,0,0
Nordeste,PB,25,28/03/20,13,14,5,0,0
Nordeste,PB,25,29/03/20,14,14,0,0,0
Nordeste,PB,25,30/03/20,14,15,1,0,0
Nordeste,PB,25,31/03/20,14,17,2,0,0
Nordeste,PB,25,01/04/20,14,20,3,1,1
Nordeste,PB,25,02/04/20,14,21,1,1,0
Nordeste,PB,25,03/04/20,14,29,8,1,0
Nordeste,PB,25,04/04/20,14,32,3,2,1
Nordeste,PB,25,05/04/20,15,34,2,4,2
Nordeste,PB,25,06/04/20,15,35,1,4,0
Nordeste,PB,25,07/04/20,15,36,1,4,0
Nordeste,PB,25,08/04/20,15,41,5,4,0
Nordeste,PB,25,09/04/20,15,55,14,7,3
Nordeste,PB,25,10/04/20,15,79,24,11,4
Nordeste,PB,25,11/04/20,15,85,6,11,0
Nordeste,PB,25,12/04/20,16,101,16,13,2
Nordeste,PB,25,13/04/20,16,111,10,13,0
Nordeste,PB,25,14/04/20,16,136,25,16,3
Nordeste,PB,25,15/04/20,16,151,15,21,5
Nordeste,PB,25,16/04/20,16,165,14,24,3
Nordeste,PB,25,17/04/20,16,195,30,26,2
Nordeste,PB,25,18/04/20,16,205,10,26,0
Nordeste,PB,25,19/04/20,17,236,31,29,3
Nordeste,PB,25,20/04/20,17,245,9,32,3
Nordeste,PB,25,21/04/20,17,263,18,33,1
Nordeste,PB,25,22/04/20,17,301,38,39,6
Nordeste,PB,25,23/04/20,17,345,44,40,1
Nordeste,PB,25,24/04/20,17,386,41,44,4
Nordeste,PB,25,25/04/20,17,447,61,46,2
Nordeste,PB,25,26/04/20,18,499,52,49,3
Nordeste,PB,25,27/04/20,18,543,44,50,1
Nordeste,PB,25,28/04/20,18,633,90,53,3
Nordeste,PB,25,29/04/20,18,699,66,58,5
Nordeste,PB,25,30/04/20,18,814,115,62,4
Nordeste,PB,25,01/05/20,18,926,112,67,5
Nordeste,PB,25,02/05/20,18,1034,108,74,7
Nordeste,PB,25,03/05/20,19,1169,135,76,2
Nordeste,PB,25,04/05/20,19,1219,50,79,3
Nordeste,PB,25,05/05/20,19,1361,142,85,6
Nordeste,PB,25,06/05/20,19,1493,132,92,7
Nordeste,PB,25,07/05/20,19,1657,164,101,9
Nordeste,PB,25,08/05/20,19,2031,374,114,13
Nordeste,PB,25,09/05/20,19,2156,125,124,10
Nordeste,PB,25,10/05/20,20,2341,185,135,11
Nordeste,PB,25,11/05/20,20,2525,184,139,4
Nordeste,PB,25,12/05/20,20,2777,252,154,15
Nordeste,PB,25,13/05/20,20,3045,268,157,3
Nordeste,PB,25,14/05/20,20,3361,316,160,3
Nordeste,PB,25,15/05/20,20,3739,378,170,10
Nordeste,PB,25,16/05/20,20,4063,324,183,13
Nordeste,PB,25,17/05/20,21,4347,284,194,11
Nordeste,PB,25,18/05/20,21,4786,439,207,13
Nordeste,PB,25,19/05/20,21,5300,514,219,12
Nordeste,PB,25,20/05/20,21,5838,538,230,11
Nordeste,PB,25,21/05/20,21,6238,400,245,15
Nordeste,PB,25,22/05/20,21,6882,644,248,3
Nordeste,PB,25,23/05/20,21,7508,626,258,10
Nordeste,PB,25,24/05/20,22,7823,315,272,14
Nordeste,PB,25,25/05/20,22,8016,193,279,7
Nordeste,PB,25,26/05/20,22,8919,903,286,7
Nordeste,PB,25,27/05/20,22,10209,1290,298,12
Nordeste,PB,25,28/05/20,22,11132,923,318,20
Nordeste,PB,25,29/05/20,22,12011,879,327,9
Nordeste,PB,25,30/05/20,22,12862,851,347,20
Nordeste,PB,25,31/05/20,23,13162,300,360,13
Nordeste,PB,25,01/06/20,23,13695,533,370,10
Nordeste,PB,25,02/06/20,23,14859,1164,379,9
Nordeste,PB,25,03/06/20,23,16018,1159,414,35
Nordeste,PB,25,04/06/20,23,17579,1561,438,24
Nordeste,PB,25,05/06/20,23,18579,1000,451,13
Nordeste,PB,25,06/06/20,23,19787,1208,467,16
Nordeste,PB,25,07/06/20,24,20310,523,484,17
Nordeste,PB,25,08/06/20,24,20951,641,507,23
Nordeste,PE,26,12/03/20,11,2,2,0,0
Nordeste,PE,26,13/03/20,11,2,0,0,0
Nordeste,PE,26,14/03/20,11,2,0,0,0
Nordeste,PE,26,15/03/20,12,2,0,0,0
Nordeste,PE,26,16/03/20,12,2,0,0,0
Nordeste,PE,26,17/03/20,12,16,14,0,0
Nordeste,PE,26,18/03/20,12,16,0,0,0
Nordeste,PE,26,19/03/20,12,28,12,0,0
Nordeste,PE,26,20/03/20,12,30,2,0,0
Nordeste,PE,26,21/03/20,12,30,0,0,0
Nordeste,PE,26,22/03/20,13,37,7,0,0
Nordeste,PE,26,23/03/20,13,42,5,0,0
Nordeste,PE,26,24/03/20,13,42,0,0,0
Nordeste,PE,26,25/03/20,13,46,4,1,1
Nordeste,PE,26,26/03/20,13,48,2,3,2
Nordeste,PE,26,27/03/20,13,56,8,4,1
Nordeste,PE,26,28/03/20,13,68,12,5,1
Nordeste,PE,26,29/03/20,14,73,5,5,0
Nordeste,PE,26,30/03/20,14,78,5,6,1
Nordeste,PE,26,31/03/20,14,87,9,6,0
Nordeste,PE,26,01/04/20,14,95,8,8,2
Nordeste,PE,26,02/04/20,14,106,11,9,1
Nordeste,PE,26,03/04/20,14,136,30,10,1
Nordeste,PE,26,04/04/20,14,176,40,14,4
Nordeste,PE,26,05/04/20,15,201,25,21,7
Nordeste,PE,26,06/04/20,15,223,22,30,9
Nordeste,PE,26,07/04/20,15,352,129,34,4
Nordeste,PE,26,08/04/20,15,401,49,46,12
Nordeste,PE,26,09/04/20,15,555,154,56,10
Nordeste,PE,26,10/04/20,15,684,129,65,9
Nordeste,PE,26,11/04/20,15,816,132,72,7
Nordeste,PE,26,12/04/20,16,960,144,85,13
Nordeste,PE,26,13/04/20,16,1154,194,102,17
Nordeste,PE,26,14/04/20,16,1284,130,115,13
Nordeste,PE,26,15/04/20,16,1484,200,143,28
Nordeste,PE,26,16/04/20,16,1683,199,160,17
Nordeste,PE,26,17/04/20,16,2006,323,186,26
Nordeste,PE,26,18/04/20,16,2193,187,205,19
Nordeste,PE,26,19/04/20,17,2459,266,216,11
Nordeste,PE,26,20/04/20,17,2690,231,234,18
Nordeste,PE,26,21/04/20,17,2908,218,260,26
Nordeste,PE,26,22/04/20,17,3298,390,282,22
Nordeste,PE,26,23/04/20,17,3519,221,312,30
Nordeste,PE,26,24/04/20,17,3999,480,352,40
Nordeste,PE,26,25/04/20,17,4507,508,381,29
Nordeste,PE,26,26/04/20,18,4898,391,415,34
Nordeste,PE,26,27/04/20,18,5358,460,450,35
Nordeste,PE,26,28/04/20,18,5724,366,508,58
Nordeste,PE,26,29/04/20,18,6194,470,538,30
Nordeste,PE,26,30/04/20,18,6876,682,565,27
Nordeste,PE,26,01/05/20,18,7334,458,603,38
Nordeste,PE,26,02/05/20,18,8145,811,628,25
Nordeste,PE,26,03/05/20,19,8643,498,652,24
Nordeste,PE,26,04/05/20,19,8863,220,691,39
Nordeste,PE,26,05/05/20,19,9325,462,749,58
Nordeste,PE,26,06/05/20,19,9881,556,803,54
Nordeste,PE,26,07/05/20,19,10824,943,845,42
Nordeste,PE,26,08/05/20,19,11587,763,927,82
Nordeste,PE,26,09/05/20,19,12470,883,972,45
Nordeste,PE,26,10/05/20,20,13275,805,1047,75
Nordeste,PE,26,11/05/20,20,13768,493,1087,40
Nordeste,PE,26,12/05/20,20,14309,541,1157,70
Nordeste,PE,26,13/05/20,20,14901,592,1224,67
Nordeste,PE,26,14/05/20,20,15588,687,1298,74
Nordeste,PE,26,15/05/20,20,16209,621,1381,83
Nordeste,PE,26,16/05/20,20,18488,2279,1461,80
Nordeste,PE,26,17/05/20,21,19452,964,1516,55
Nordeste,PE,26,18/05/20,21,20094,642,1640,124
Nordeste,PE,26,19/05/20,21,21242,1148,1741,101
Nordeste,PE,26,20/05/20,21,22560,1318,1834,93
Nordeste,PE,26,21/05/20,21,23911,1351,1925,91
Nordeste,PE,26,22/05/20,21,25760,1849,2057,132
Nordeste,PE,26,23/05/20,21,26786,1026,2144,87
Nordeste,PE,26,24/05/20,22,27759,973,2200,56
Nordeste,PE,26,25/05/20,22,28366,607,2248,48
Nordeste,PE,26,26/05/20,22,28854,488,2328,80
Nordeste,PE,26,27/05/20,22,29919,1065,2468,140
Nordeste,PE,26,28/05/20,22,30713,794,2566,98
Nordeste,PE,26,29/05/20,22,32255,1542,2669,103
Nordeste,PE,26,30/05/20,22,33427,1172,2740,71
Nordeste,PE,26,31/05/20,23,34450,1023,2807,67
Nordeste,PE,26,01/06/20,23,34900,450,2875,68
Nordeste,PE,26,02/06/20,23,35508,608,2933,58
Nordeste,PE,26,03/06/20,23,36463,955,3012,79
Nordeste,PE,26,04/06/20,23,37507,1044,3134,122
Nordeste,PE,26,05/06/20,23,38511,1004,3205,71
Nordeste,PE,26,06/06/20,23,39361,850,3270,65
Nordeste,PE,26,07/06/20,24,40242,881,3305,35
Nordeste,PE,26,08/06/20,24,40705,463,3350,45
Nordeste,AL,27,08/03/20,11,1,1,0,0
Nordeste,AL,27,09/03/20,11,1,0,0,0
Nordeste,AL,27,10/03/20,11,1,0,0,0
Nordeste,AL,27,11/03/20,11,1,0,0,0
Nordeste,AL,27,12/03/20,11,1,0,0,0
Nordeste,AL,27,13/03/20,11,1,0,0,0
Nordeste,AL,27,14/03/20,11,1,0,0,0
Nordeste,AL,27,15/03/20,12,1,0,0,0
Nordeste,AL,27,16/03/20,12,1,0,0,0
Nordeste,AL,27,17/03/20,12,1,0,0,0
Nordeste,AL,27,18/03/20,12,1,0,0,0
Nordeste,AL,27,19/03/20,12,4,3,0,0
Nordeste,AL,27,20/03/20,12,5,1,0,0
Nordeste,AL,27,21/03/20,12,7,2,0,0
Nordeste,AL,27,22/03/20,13,7,0,0,0
Nordeste,AL,27,23/03/20,13,7,0,0,0
Nordeste,AL,27,24/03/20,13,9,2,0,0
Nordeste,AL,27,25/03/20,13,11,2,0,0
Nordeste,AL,27,26/03/20,13,11,0,0,0
Nordeste,AL,27,27/03/20,13,11,0,0,0
Nordeste,AL,27,28/03/20,13,14,3,0,0
Nordeste,AL,27,29/03/20,14,17,3,0,0
Nordeste,AL,27,30/03/20,14,17,0,0,0
Nordeste,AL,27,31/03/20,14,18,1,1,1
Nordeste,AL,27,01/04/20,14,18,0,1,0
Nordeste,AL,27,02/04/20,14,18,0,1,0
Nordeste,AL,27,03/04/20,14,22,4,2,1
Nordeste,AL,27,04/04/20,14,23,1,2,0
Nordeste,AL,27,05/04/20,15,28,5,2,0
Nordeste,AL,27,06/04/20,15,31,3,2,0
Nordeste,AL,27,07/04/20,15,32,1,2,0
Nordeste,AL,27,08/04/20,15,37,5,2,0
Nordeste,AL,27,09/04/20,15,37,0,3,1
Nordeste,AL,27,10/04/20,15,45,8,3,0
Nordeste,AL,27,11/04/20,15,48,3,3,0
Nordeste,AL,27,12/04/20,16,48,0,3,0
Nordeste,AL,27,13/04/20,16,50,2,3,0
Nordeste,AL,27,14/04/20,16,72,22,4,1
Nordeste,AL,27,15/04/20,16,82,10,5,1
Nordeste,AL,27,16/04/20,16,89,7,5,0
Nordeste,AL,27,17/04/20,16,110,21,7,2
Nordeste,AL,27,18/04/20,16,132,22,7,0
Nordeste,AL,27,19/04/20,17,159,27,15,8
Nordeste,AL,27,20/04/20,17,171,12,18,3
Nordeste,AL,27,21/04/20,17,210,39,19,1
Nordeste,AL,27,22/04/20,17,243,33,20,1
Nordeste,AL,27,23/04/20,17,324,81,22,2
Nordeste,AL,27,24/04/20,17,413,89,27,5
Nordeste,AL,27,25/04/20,17,501,88,29,2
Nordeste,AL,27,26/04/20,18,554,53,32,3
Nordeste,AL,27,27/04/20,18,643,89,34,2
Nordeste,AL,27,28/04/20,18,777,134,36,2
Nordeste,AL,27,29/04/20,18,957,180,41,5
Nordeste,AL,27,30/04/20,18,1044,87,47,6
Nordeste,AL,27,01/05/20,18,1226,182,53,6
Nordeste,AL,27,02/05/20,18,1372,146,58,5
Nordeste,AL,27,03/05/20,19,1441,69,64,6
Nordeste,AL,27,04/05/20,19,1538,97,72,8
Nordeste,AL,27,05/05/20,19,1606,68,80,8
Nordeste,AL,27,06/05/20,19,1703,97,89,9
Nordeste,AL,27,07/05/20,19,1867,164,98,9
Nordeste,AL,27,08/05/20,19,2033,166,108,10
Nordeste,AL,27,09/05/20,19,2172,139,114,6
Nordeste,AL,27,10/05/20,20,2258,86,126,12
Nordeste,AL,27,11/05/20,20,2343,85,138,12
Nordeste,AL,27,12/05/20,20,2580,237,150,12
Nordeste,AL,27,13/05/20,20,2761,181,164,14
Nordeste,AL,27,14/05/20,20,2972,211,177,13
Nordeste,AL,27,15/05/20,20,3212,240,187,10
Nordeste,AL,27,16/05/20,20,3593,381,199,12
Nordeste,AL,27,17/05/20,21,3816,223,210,11
Nordeste,AL,27,18/05/20,21,4031,215,221,11
Nordeste,AL,27,19/05/20,21,4316,285,231,10
Nordeste,AL,27,20/05/20,21,4437,121,251,20
Nordeste,AL,27,21/05/20,21,4916,479,262,11
Nordeste,AL,27,22/05/20,21,5302,386,280,18
Nordeste,AL,27,23/05/20,21,5630,328,301,21
Nordeste,AL,27,24/05/20,22,6214,584,316,15
Nordeste,AL,27,25/05/20,22,6682,468,337,21
Nordeste,AL,27,26/05/20,22,7058,376,354,17
Nordeste,AL,27,27/05/20,22,7580,522,368,14
Nordeste,AL,27,28/05/20,22,8055,475,385,17
Nordeste,AL,27,29/05/20,22,8618,563,406,21
Nordeste,AL,27,30/05/20,22,9223,605,424,18
Nordeste,AL,27,31/05/20,23,10288,1065,443,19
Nordeste,AL,27,01/06/20,23,10837,549,461,18
Nordeste,AL,27,02/06/20,23,11559,722,482,21
Nordeste,AL,27,03/06/20,23,12407,848,506,24
Nordeste,AL,27,04/06/20,23,13097,690,531,25
Nordeste,AL,27,05/06/20,23,13937,840,557,26
Nordeste,AL,27,06/06/20,23,14818,881,582,25
Nordeste,AL,27,07/06/20,24,15706,888,601,19
Nordeste,AL,27,08/06/20,24,15706,0,601,0
Nordeste,SE,28,15/03/20,12,1,1,0,0
Nordeste,SE,28,16/03/20,12,1,0,0,0
Nordeste,SE,28,17/03/20,12,4,3,0,0
Nordeste,SE,28,18/03/20,12,5,1,0,0
Nordeste,SE,28,19/03/20,12,6,1,0,0
Nordeste,SE,28,20/03/20,12,6,0,0,0
Nordeste,SE,28,21/03/20,12,10,4,0,0
Nordeste,SE,28,22/03/20,13,10,0,0,0
Nordeste,SE,28,23/03/20,13,10,0,0,0
Nordeste,SE,28,24/03/20,13,15,5,0,0
Nordeste,SE,28,25/03/20,13,16,1,0,0
Nordeste,SE,28,26/03/20,13,16,0,0,0
Nordeste,SE,28,27/03/20,13,16,0,0,0
Nordeste,SE,28,28/03/20,13,16,0,0,0
Nordeste,SE,28,29/03/20,14,16,0,0,0
Nordeste,SE,28,30/03/20,14,16,0,0,0
Nordeste,SE,28,31/03/20,14,19,3,0,0
Nordeste,SE,28,01/04/20,14,20,1,0,0
Nordeste,SE,28,02/04/20,14,23,3,2,2
Nordeste,SE,28,03/04/20,14,25,2,2,0
Nordeste,SE,28,04/04/20,14,27,2,2,0
Nordeste,SE,28,05/04/20,15,32,5,3,1
Nordeste,SE,28,06/04/20,15,32,0,4,1
Nordeste,SE,28,07/04/20,15,36,4,4,0
Nordeste,SE,28,08/04/20,15,36,0,4,0
Nordeste,SE,28,09/04/20,15,39,3,4,0
Nordeste,SE,28,10/04/20,15,42,3,4,0
Nordeste,SE,28,11/04/20,15,42,0,4,0
Nordeste,SE,28,12/04/20,16,44,2,4,0
Nordeste,SE,28,13/04/20,16,44,0,4,0
Nordeste,SE,28,14/04/20,16,45,1,4,0
Nordeste,SE,28,15/04/20,16,46,1,4,0
Nordeste,SE,28,16/04/20,16,48,2,4,0
Nordeste,SE,28,17/04/20,16,53,5,4,0
Nordeste,SE,28,18/04/20,16,71,18,5,1
Nordeste,SE,28,19/04/20,17,83,12,5,0
Nordeste,SE,28,20/04/20,17,86,3,5,0
Nordeste,SE,28,21/04/20,17,92,6,5,0
Nordeste,SE,28,22/04/20,17,117,25,7,2
Nordeste,SE,28,23/04/20,17,124,7,8,1
Nordeste,SE,28,24/04/20,17,144,20,8,0
Nordeste,SE,28,25/04/20,17,153,9,9,1
Nordeste,SE,28,26/04/20,18,159,6,9,0
Nordeste,SE,28,27/04/20,18,197,38,10,1
Nordeste,SE,28,28/04/20,18,280,83,11,1
Nordeste,SE,28,29/04/20,18,337,57,12,1
Nordeste,SE,28,30/04/20,18,447,110,12,0
Nordeste,SE,28,01/05/20,18,517,70,14,2
Nordeste,SE,28,02/05/20,18,601,84,14,0
Nordeste,SE,28,03/05/20,19,730,129,14,0
Nordeste,SE,28,04/05/20,19,772,42,17,3
Nordeste,SE,28,05/05/20,19,898,126,21,4
Nordeste,SE,28,06/05/20,19,998,100,23,2
Nordeste,SE,28,07/05/20,19,1214,216,25,2
Nordeste,SE,28,08/05/20,19,1438,224,28,3
Nordeste,SE,28,09/05/20,19,1588,150,33,5
Nordeste,SE,28,10/05/20,20,1771,183,34,1
Nordeste,SE,28,11/05/20,20,1800,29,37,3
Nordeste,SE,28,12/05/20,20,2032,232,37,0
Nordeste,SE,28,13/05/20,20,2268,236,42,5
Nordeste,SE,28,14/05/20,20,2494,226,47,5
Nordeste,SE,28,15/05/20,20,2868,374,50,3
Nordeste,SE,28,16/05/20,20,3135,267,53,3
Nordeste,SE,28,17/05/20,21,3343,208,57,4
Nordeste,SE,28,18/05/20,21,3566,223,59,2
Nordeste,SE,28,19/05/20,21,3967,401,63,4
Nordeste,SE,28,20/05/20,21,4277,310,69,6
Nordeste,SE,28,21/05/20,21,4734,457,76,7
Nordeste,SE,28,22/05/20,21,4922,188,82,6
Nordeste,SE,28,23/05/20,21,5131,209,86,4
Nordeste,SE,28,24/05/20,22,5314,183,93,7
Nordeste,SE,28,25/05/20,22,5448,134,103,10
Nordeste,SE,28,26/05/20,22,5735,287,116,13
Nordeste,SE,28,27/05/20,22,5912,177,127,11
Nordeste,SE,28,28/05/20,22,6156,244,135,8
Nordeste,SE,28,29/05/20,22,6462,306,142,7
Nordeste,SE,28,30/05/20,22,6805,343,149,7
Nordeste,SE,28,31/05/20,23,6999,194,158,9
Nordeste,SE,28,01/06/20,23,7233,234,166,8
Nordeste,SE,28,02/06/20,23,7555,322,172,6
Nordeste,SE,28,03/06/20,23,7989,434,180,8
Nordeste,SE,28,04/06/20,23,8200,211,186,6
Nordeste,SE,28,05/06/20,23,8577,377,198,12
Nordeste,SE,28,06/06/20,23,8972,395,208,10
Nordeste,SE,28,07/06/20,24,9290,318,217,9
Nordeste,SE,28,08/06/20,24,9727,437,234,17
Nordeste,BA,29,06/03/20,10,1,1,0,0
Nordeste,BA,29,07/03/20,10,2,1,0,0
Nordeste,BA,29,08/03/20,11,2,0,0,0
Nordeste,BA,29,09/03/20,11,2,0,0,0
Nordeste,BA,29,10/03/20,11,2,0,0,0
Nordeste,BA,29,11/03/20,11,2,0,0,0
Nordeste,BA,29,12/03/20,11,2,0,0,0
Nordeste,BA,29,13/03/20,11,2,0,0,0
Nordeste,BA,29,14/03/20,11,2,0,0,0
Nordeste,BA,29,15/03/20,12,2,0,0,0
Nordeste,BA,29,16/03/20,12,2,0,0,0
Nordeste,BA,29,17/03/20,12,3,1,0,0
Nordeste,BA,29,18/03/20,12,3,0,0,0
Nordeste,BA,29,19/03/20,12,30,27,0,0
Nordeste,BA,29,20/03/20,12,33,3,0,0
Nordeste,BA,29,21/03/20,12,41,8,0,0
Nordeste,BA,29,22/03/20,13,49,8,0,0
Nordeste,BA,29,23/03/20,13,63,14,0,0
Nordeste,BA,29,24/03/20,13,76,13,0,0
Nordeste,BA,29,25/03/20,13,84,8,0,0
Nordeste,BA,29,26/03/20,13,104,20,0,0
Nordeste,BA,29,27/03/20,13,115,11,0,0
Nordeste,BA,29,28/03/20,13,127,12,0,0
Nordeste,BA,29,29/03/20,14,154,27,1,1
Nordeste,BA,29,30/03/20,14,176,22,1,0
Nordeste,BA,29,31/03/20,14,213,37,2,1
Nordeste,BA,29,01/04/20,14,246,33,2,0
Nordeste,BA,29,02/04/20,14,267,21,3,1
Nordeste,BA,29,03/04/20,14,282,15,5,2
Nordeste,BA,29,04/04/20,14,332,50,7,2
Nordeste,BA,29,05/04/20,15,401,69,9,2
Nordeste,BA,29,06/04/20,15,431,30,10,1
Nordeste,BA,29,07/04/20,15,456,25,12,2
Nordeste,BA,29,08/04/20,15,497,41,15,3
Nordeste,BA,29,09/04/20,15,559,62,19,4
Nordeste,BA,29,10/04/20,15,604,45,19,0
Nordeste,BA,29,11/04/20,15,635,31,21,2
Nordeste,BA,29,12/04/20,16,673,38,21,0
Nordeste,BA,29,13/04/20,16,723,50,22,1
Nordeste,BA,29,14/04/20,16,759,36,22,0
Nordeste,BA,29,15/04/20,16,807,48,27,5
Nordeste,BA,29,16/04/20,16,951,144,30,3
Nordeste,BA,29,17/04/20,16,1059,108,36,6
Nordeste,BA,29,18/04/20,16,1193,134,37,1
Nordeste,BA,29,19/04/20,17,1230,37,45,8
Nordeste,BA,29,20/04/20,17,1341,111,46,1
Nordeste,BA,29,21/04/20,17,1489,148,47,1
Nordeste,BA,29,22/04/20,17,1644,155,50,3
Nordeste,BA,29,23/04/20,17,1789,145,59,9
Nordeste,BA,29,24/04/20,17,1962,173,64,5
Nordeste,BA,29,25/04/20,17,2081,119,70,6
Nordeste,BA,29,26/04/20,18,2209,128,73,3
Nordeste,BA,29,27/04/20,18,2354,145,76,3
Nordeste,BA,29,28/04/20,18,2540,186,86,10
Nordeste,BA,29,29/04/20,18,2646,106,96,10
Nordeste,BA,29,30/04/20,18,2851,205,104,8
Nordeste,BA,29,01/05/20,18,3085,234,117,13
Nordeste,BA,29,02/05/20,18,3267,182,123,6
Nordeste,BA,29,03/05/20,19,3495,228,123,0
Nordeste,BA,29,04/05/20,19,3734,239,141,18
Nordeste,BA,29,05/05/20,19,4040,306,146,5
Nordeste,BA,29,06/05/20,19,4301,261,160,14
Nordeste,BA,29,07/05/20,19,4528,227,165,5
Nordeste,BA,29,08/05/20,19,4818,290,183,18
Nordeste,BA,29,09/05/20,19,5174,356,196,13
Nordeste,BA,29,10/05/20,20,5558,384,202,6
Nordeste,BA,29,11/05/20,20,5808,250,211,9
Nordeste,BA,29,12/05/20,20,6204,396,225,14
Nordeste,BA,29,13/05/20,20,6547,343,236,11
Nordeste,BA,29,14/05/20,20,6955,408,262,26
Nordeste,BA,29,15/05/20,20,8128,1173,281,19
Nordeste,BA,29,16/05/20,20,8314,186,286,5
Nordeste,BA,29,17/05/20,21,8443,129,295,9
Nordeste,BA,29,18/05/20,21,8581,138,312,17
Nordeste,BA,29,19/05/20,21,11013,2432,326,14
Nordeste,BA,29,20/05/20,21,11197,184,362,36
Nordeste,BA,29,21/05/20,21,11941,744,376,14
Nordeste,BA,29,22/05/20,21,12557,616,399,23
Nordeste,BA,29,23/05/20,21,13000,443,413,14
Nordeste,BA,29,24/05/20,22,13899,899,460,47
Nordeste,BA,29,25/05/20,22,14204,305,477,17
Nordeste,BA,29,26/05/20,22,14566,362,495,18
Nordeste,BA,29,27/05/20,22,15070,504,531,36
Nordeste,BA,29,28/05/20,22,15963,893,570,39
Nordeste,BA,29,29/05/20,22,16917,954,609,39
Nordeste,BA,29,30/05/20,22,17626,709,638,29
Nordeste,BA,29,31/05/20,23,18392,766,667,29
Nordeste,BA,29,01/06/20,23,18898,506,701,34
Nordeste,BA,29,02/06/20,23,21430,2532,736,35
Nordeste,BA,29,03/06/20,23,22451,1021,762,26
Nordeste,BA,29,04/06/20,23,23463,1012,790,28
Nordeste,BA,29,05/06/20,23,26419,2956,819,29
Nordeste,BA,29,06/06/20,23,27396,977,846,27
Nordeste,BA,29,07/06/20,24,28250,854,879,33
Nordeste,BA,29,08/06/20,24,28715,465,910,31
Sudeste,MG,31,08/03/20,11,1,1,0,0
Sudeste,MG,31,09/03/20,11,1,0,0,0
Sudeste,MG,31,10/03/20,11,1,0,0,0
Sudeste,MG,31,11/03/20,11,1,0,0,0
Sudeste,MG,31,12/03/20,11,1,0,0,0
Sudeste,MG,31,13/03/20,11,2,1,0,0
Sudeste,MG,31,14/03/20,11,2,0,0,0
Sudeste,MG,31,15/03/20,12,2,0,0,0
Sudeste,MG,31,16/03/20,12,5,3,0,0
Sudeste,MG,31,17/03/20,12,7,2,0,0
Sudeste,MG,31,18/03/20,12,15,8,0,0
Sudeste,MG,31,19/03/20,12,29,14,0,0
Sudeste,MG,31,20/03/20,12,35,6,0,0
Sudeste,MG,31,21/03/20,12,38,3,0,0
Sudeste,MG,31,22/03/20,13,83,45,0,0
Sudeste,MG,31,23/03/20,13,128,45,0,0
Sudeste,MG,31,24/03/20,13,130,2,0,0
Sudeste,MG,31,25/03/20,13,133,3,0,0
Sudeste,MG,31,26/03/20,13,153,20,0,0
Sudeste,MG,31,27/03/20,13,189,36,0,0
Sudeste,MG,31,28/03/20,13,205,16,0,0
Sudeste,MG,31,29/03/20,14,231,26,0,0
Sudeste,MG,31,30/03/20,14,261,30,1,1
Sudeste,MG,31,31/03/20,14,275,14,2,1
Sudeste,MG,31,01/04/20,14,314,39,3,1
Sudeste,MG,31,02/04/20,14,370,56,4,1
Sudeste,MG,31,03/04/20,14,397,27,6,2
Sudeste,MG,31,04/04/20,14,430,33,6,0
Sudeste,MG,31,05/04/20,15,498,68,6,0
Sudeste,MG,31,06/04/20,15,525,27,9,3
Sudeste,MG,31,07/04/20,15,559,34,11,2
Sudeste,MG,31,08/04/20,15,614,55,14,3
Sudeste,MG,31,09/04/20,15,655,41,15,1
Sudeste,MG,31,10/04/20,15,698,43,17,2
Sudeste,MG,31,11/04/20,15,750,52,17,0
Sudeste,MG,31,12/04/20,16,806,56,20,3
Sudeste,MG,31,13/04/20,16,815,9,23,3
Sudeste,MG,31,14/04/20,16,884,69,27,4
Sudeste,MG,31,15/04/20,16,903,19,30,3
Sudeste,MG,31,16/04/20,16,958,55,33,3
Sudeste,MG,31,17/04/20,16,1021,63,35,2
Sudeste,MG,31,18/04/20,16,1077,56,39,4
Sudeste,MG,31,19/04/20,17,1154,77,39,0
Sudeste,MG,31,20/04/20,17,1189,35,41,2
Sudeste,MG,31,21/04/20,17,1230,41,44,3
Sudeste,MG,31,22/04/20,17,1283,53,47,3
Sudeste,MG,31,23/04/20,17,1308,25,51,4
Sudeste,MG,31,24/04/20,17,1419,111,54,3
Sudeste,MG,31,25/04/20,17,1481,62,58,4
Sudeste,MG,31,26/04/20,18,1548,67,61,3
Sudeste,MG,31,27/04/20,18,1586,38,62,1
Sudeste,MG,31,28/04/20,18,1649,63,71,9
Sudeste,MG,31,29/04/20,18,1758,109,80,9
Sudeste,MG,31,30/04/20,18,1827,69,82,2
Sudeste,MG,31,01/05/20,18,1935,108,88,6
Sudeste,MG,31,02/05/20,18,2023,88,88,0
Sudeste,MG,31,03/05/20,19,2118,95,89,1
Sudeste,MG,31,04/05/20,19,2347,229,90,1
Sudeste,MG,31,05/05/20,19,2452,105,94,4
Sudeste,MG,31,06/05/20,19,2605,153,97,3
Sudeste,MG,31,07/05/20,19,2770,165,106,9
Sudeste,MG,31,08/05/20,19,2943,173,111,5
Sudeste,MG,31,09/05/20,19,3123,180,118,7
Sudeste,MG,31,10/05/20,20,3237,114,119,1
Sudeste,MG,31,11/05/20,20,3320,83,121,2
Sudeste,MG,31,12/05/20,20,3435,115,127,6
Sudeste,MG,31,13/05/20,20,3733,298,135,8
Sudeste,MG,31,14/05/20,20,3950,217,139,4
Sudeste,MG,31,15/05/20,20,4196,246,146,7
Sudeste,MG,31,16/05/20,20,4474,278,150,4
Sudeste,MG,31,17/05/20,21,4611,137,156,6
Sudeste,MG,31,18/05/20,21,4695,84,161,5
Sudeste,MG,31,19/05/20,21,4977,282,167,6
Sudeste,MG,31,20/05/20,21,5286,309,177,10
Sudeste,MG,31,21/05/20,21,5596,310,191,14
Sudeste,MG,31,22/05/20,21,5995,399,201,10
Sudeste,MG,31,23/05/20,21,6338,343,217,16
Sudeste,MG,31,24/05/20,22,6668,330,226,9
Sudeste,MG,31,25/05/20,22,6962,294,230,4
Sudeste,MG,31,26/05/20,22,7516,554,234,4
Sudeste,MG,31,27/05/20,22,8011,495,240,6
Sudeste,MG,31,28/05/20,22,8686,675,255,15
Sudeste,MG,31,29/05/20,22,9232,546,257,2
Sudeste,MG,31,30/05/20,22,9630,398,263,6
Sudeste,MG,31,31/05/20,23,10464,834,271,8
Sudeste,MG,31,01/06/20,23,10670,206,278,7
Sudeste,MG,31,02/06/20,23,10939,269,289,11
Sudeste,MG,31,03/06/20,23,12010,1071,306,17
Sudeste,MG,31,04/06/20,23,13034,1024,323,17
Sudeste,MG,31,05/06/20,23,13995,961,344,21
Sudeste,MG,31,06/06/20,23,14939,944,368,24
Sudeste,MG,31,07/06/20,24,15703,764,376,8
Sudeste,MG,31,08/06/20,24,15883,180,380,4
Sudeste,ES,32,06/03/20,10,1,1,0,0
Sudeste,ES,32,07/03/20,10,1,0,0,0
Sudeste,ES,32,08/03/20,11,1,0,0,0
Sudeste,ES,32,09/03/20,11,1,0,0,0
Sudeste,ES,32,10/03/20,11,1,0,0,0
Sudeste,ES,32,11/03/20,11,1,0,0,0
Sudeste,ES,32,12/03/20,11,1,0,0,0
Sudeste,ES,32,13/03/20,11,1,0,0,0
Sudeste,ES,32,14/03/20,11,1,0,0,0
Sudeste,ES,32,15/03/20,12,1,0,0,0
Sudeste,ES,32,16/03/20,12,1,0,0,0
Sudeste,ES,32,17/03/20,12,1,0,0,0
Sudeste,ES,32,18/03/20,12,9,8,0,0
Sudeste,ES,32,19/03/20,12,11,2,0,0
Sudeste,ES,32,20/03/20,12,13,2,0,0
Sudeste,ES,32,21/03/20,12,26,13,0,0
Sudeste,ES,32,22/03/20,13,26,0,0,0
Sudeste,ES,32,23/03/20,13,29,3,0,0
Sudeste,ES,32,24/03/20,13,33,4,0,0
Sudeste,ES,32,25/03/20,13,39,6,0,0
Sudeste,ES,32,26/03/20,13,39,0,0,0
Sudeste,ES,32,27/03/20,13,47,8,0,0
Sudeste,ES,32,28/03/20,13,53,6,0,0
Sudeste,ES,32,29/03/20,14,60,7,0,0
Sudeste,ES,32,30/03/20,14,72,12,0,0
Sudeste,ES,32,31/03/20,14,84,12,0,0
Sudeste,ES,32,01/04/20,14,96,12,0,0
Sudeste,ES,32,02/04/20,14,120,24,1,1
Sudeste,ES,32,03/04/20,14,139,19,4,3
Sudeste,ES,32,04/04/20,14,153,14,5,1
Sudeste,ES,32,05/04/20,15,166,13,6,1
Sudeste,ES,32,06/04/20,15,194,28,6,0
Sudeste,ES,32,07/04/20,15,209,15,6,0
Sudeste,ES,32,08/04/20,15,227,18,6,0
Sudeste,ES,32,09/04/20,15,273,46,6,0
Sudeste,ES,32,10/04/20,15,300,27,7,1
Sudeste,ES,32,11/04/20,15,349,49,9,2
Sudeste,ES,32,12/04/20,16,383,34,9,0
Sudeste,ES,32,13/04/20,16,430,47,14,5
Sudeste,ES,32,14/04/20,16,463,33,17,3
Sudeste,ES,32,15/04/20,16,557,94,18,1
Sudeste,ES,32,16/04/20,16,754,197,22,4
Sudeste,ES,32,17/04/20,16,856,102,25,3
Sudeste,ES,32,18/04/20,16,952,96,28,3
Sudeste,ES,32,19/04/20,17,1099,147,30,2
Sudeste,ES,32,20/04/20,17,1168,69,33,3
Sudeste,ES,32,21/04/20,17,1212,44,34,1
Sudeste,ES,32,22/04/20,17,1313,101,34,0
Sudeste,ES,32,23/04/20,17,1363,50,42,8
Sudeste,ES,32,24/04/20,17,1381,18,42,0
Sudeste,ES,32,25/04/20,17,1595,214,47,5
Sudeste,ES,32,26/04/20,18,1703,108,51,4
Sudeste,ES,32,27/04/20,18,1796,93,57,6
Sudeste,ES,32,28/04/20,18,1874,78,64,7
Sudeste,ES,32,29/04/20,18,2107,233,76,12
Sudeste,ES,32,30/04/20,18,2465,358,83,7
Sudeste,ES,32,01/05/20,18,2662,197,96,13
Sudeste,ES,32,02/05/20,18,2948,286,102,6
Sudeste,ES,32,03/05/20,19,3086,138,114,12
Sudeste,ES,32,04/05/20,19,3226,140,122,8
Sudeste,ES,32,05/05/20,19,3402,176,133,11
Sudeste,ES,32,06/05/20,19,3568,166,145,12
Sudeste,ES,32,07/05/20,19,3838,270,155,10
Sudeste,ES,32,08/05/20,19,4242,404,165,10
Sudeste,ES,32,09/05/20,19,4412,170,172,7
Sudeste,ES,32,10/05/20,20,4599,187,181,9
Sudeste,ES,32,11/05/20,20,4819,220,196,15
Sudeste,ES,32,12/05/20,20,5087,268,212,16
Sudeste,ES,32,13/05/20,20,5401,314,233,21
Sudeste,ES,32,14/05/20,20,5813,412,249,16
Sudeste,ES,32,15/05/20,20,6198,385,260,11
Sudeste,ES,32,16/05/20,20,6595,397,271,11
Sudeste,ES,32,17/05/20,21,6744,149,285,14
Sudeste,ES,32,18/05/20,21,7157,413,302,17
Sudeste,ES,32,19/05/20,21,7693,536,325,23
Sudeste,ES,32,20/05/20,21,8092,399,341,16
Sudeste,ES,32,21/05/20,21,8878,786,363,22
Sudeste,ES,32,22/05/20,21,9520,642,397,34
Sudeste,ES,32,23/05/20,21,9918,398,417,20
Sudeste,ES,32,24/05/20,22,10007,89,446,29
Sudeste,ES,32,25/05/20,22,10365,358,465,19
Sudeste,ES,32,26/05/20,22,10889,524,487,22
Sudeste,ES,32,27/05/20,22,11484,595,511,24
Sudeste,ES,32,28/05/20,22,12203,719,538,27
Sudeste,ES,32,29/05/20,22,12903,700,560,22
Sudeste,ES,32,30/05/20,22,13437,534,583,23
Sudeste,ES,32,31/05/20,23,13690,253,604,21
Sudeste,ES,32,01/06/20,23,14069,379,614,10
Sudeste,ES,32,02/06/20,23,15151,1082,664,50
Sudeste,ES,32,03/06/20,23,16121,970,698,34
Sudeste,ES,32,04/06/20,23,16894,773,737,39
Sudeste,ES,32,05/06/20,23,18109,1215,780,43
Sudeste,ES,32,06/06/20,23,18950,841,806,26
Sudeste,ES,32,07/06/20,24,19619,669,832,26
Sudeste,ES,32,08/06/20,24,20659,1040,871,39
Sudeste,RJ,33,05/03/20,10,1,1,0,0
Sudeste,RJ,33,06/03/20,10,1,0,0,0
Sudeste,RJ,33,07/03/20,10,2,1,0,0
Sudeste,RJ,33,08/03/20,11,3,1,0,0
Sudeste,RJ,33,09/03/20,11,3,0,0,0
Sudeste,RJ,33,10/03/20,11,8,5,0,0
Sudeste,RJ,33,11/03/20,11,13,5,0,0
Sudeste,RJ,33,12/03/20,11,16,3,0,0
Sudeste,RJ,33,13/03/20,11,16,0,0,0
Sudeste,RJ,33,14/03/20,11,22,6,0,0
Sudeste,RJ,33,15/03/20,12,24,2,0,0
Sudeste,RJ,33,16/03/20,12,31,7,0,0
Sudeste,RJ,33,17/03/20,12,33,2,0,0
Sudeste,RJ,33,18/03/20,12,45,12,0,0
Sudeste,RJ,33,19/03/20,12,65,20,2,2
Sudeste,RJ,33,20/03/20,12,109,44,2,0
Sudeste,RJ,33,21/03/20,12,119,10,3,1
Sudeste,RJ,33,22/03/20,13,186,67,3,0
Sudeste,RJ,33,23/03/20,13,233,47,4,1
Sudeste,RJ,33,24/03/20,13,305,72,6,2
Sudeste,RJ,33,25/03/20,13,370,65,6,0
Sudeste,RJ,33,26/03/20,13,421,51,9,3
Sudeste,RJ,33,27/03/20,13,493,72,10,1
Sudeste,RJ,33,28/03/20,13,558,65,13,3
Sudeste,RJ,33,29/03/20,14,600,42,17,4
Sudeste,RJ,33,30/03/20,14,657,57,18,1
Sudeste,RJ,33,31/03/20,14,708,51,23,5
Sudeste,RJ,33,01/04/20,14,832,124,28,5
Sudeste,RJ,33,02/04/20,14,992,160,41,13
Sudeste,RJ,33,03/04/20,14,1074,82,47,6
Sudeste,RJ,33,04/04/20,14,1246,172,58,11
Sudeste,RJ,33,05/04/20,15,1394,148,64,6
Sudeste,RJ,33,06/04/20,15,1461,67,71,7
Sudeste,RJ,33,07/04/20,15,1688,227,89,18
Sudeste,RJ,33,08/04/20,15,1938,250,106,17
Sudeste,RJ,33,09/04/20,15,2216,278,122,16
Sudeste,RJ,33,10/04/20,15,2464,248,147,25
Sudeste,RJ,33,11/04/20,15,2607,143,155,8
Sudeste,RJ,33,12/04/20,16,2855,248,170,15
Sudeste,RJ,33,13/04/20,16,3231,376,188,18
Sudeste,RJ,33,14/04/20,16,3410,179,224,36
Sudeste,RJ,33,15/04/20,16,3743,333,265,41
Sudeste,RJ,33,16/04/20,16,3944,201,300,35
Sudeste,RJ,33,17/04/20,16,4349,405,341,41
Sudeste,RJ,33,18/04/20,16,4543,194,387,46
Sudeste,RJ,33,19/04/20,17,4765,222,402,15
Sudeste,RJ,33,20/04/20,17,4899,134,422,20
Sudeste,RJ,33,21/04/20,17,5306,407,461,39
Sudeste,RJ,33,22/04/20,17,5552,246,490,29
Sudeste,RJ,33,23/04/20,17,6172,620,530,40
Sudeste,RJ,33,24/04/20,17,6282,110,570,40
Sudeste,RJ,33,25/04/20,17,6828,546,615,45
Sudeste,RJ,33,26/04/20,18,7111,283,645,30
Sudeste,RJ,33,27/04/20,18,7944,833,677,32
Sudeste,RJ,33,28/04/20,18,8504,560,738,61
Sudeste,RJ,33,29/04/20,18,8869,365,794,56
Sudeste,RJ,33,30/04/20,18,9453,584,854,60
Sudeste,RJ,33,01/05/20,18,10166,713,921,67
Sudeste,RJ,33,02/05/20,18,10546,380,971,50
Sudeste,RJ,33,03/05/20,19,11139,593,1019,48
Sudeste,RJ,33,04/05/20,19,11721,582,1065,46
Sudeste,RJ,33,05/05/20,19,12391,670,1123,58
Sudeste,RJ,33,06/05/20,19,13295,904,1205,82
Sudeste,RJ,33,07/05/20,19,14156,861,1394,189
Sudeste,RJ,33,08/05/20,19,15741,1585,1503,109
Sudeste,RJ,33,09/05/20,19,16929,1188,1653,150
Sudeste,RJ,33,10/05/20,20,17062,133,1714,61
Sudeste,RJ,33,11/05/20,20,17939,877,1770,56
Sudeste,RJ,33,12/05/20,20,18486,547,1928,158
Sudeste,RJ,33,13/05/20,20,18728,242,2050,122
Sudeste,RJ,33,14/05/20,20,19467,739,2247,197
Sudeste,RJ,33,15/05/20,20,19987,520,2438,191
Sudeste,RJ,33,16/05/20,20,21601,1614,2614,176
Sudeste,RJ,33,17/05/20,21,22238,637,2715,101
Sudeste,RJ,33,18/05/20,21,26665,4427,2852,137
Sudeste,RJ,33,19/05/20,21,27805,1140,3079,227
Sudeste,RJ,33,20/05/20,21,30372,2567,3237,158
Sudeste,RJ,33,21/05/20,21,32089,1717,3412,175
Sudeste,RJ,33,22/05/20,21,33589,1500,3657,245
Sudeste,RJ,33,23/05/20,21,34533,944,3905,248
Sudeste,RJ,33,24/05/20,22,37912,3379,3993,88
Sudeste,RJ,33,25/05/20,22,39298,1386,4105,112
Sudeste,RJ,33,26/05/20,22,40024,726,4361,256
Sudeste,RJ,33,27/05/20,22,42398,2374,4605,244
Sudeste,RJ,33,28/05/20,22,44886,2488,4856,251
Sudeste,RJ,33,29/05/20,22,47953,3067,5079,223
Sudeste,RJ,33,30/05/20,22,52420,4467,5277,198
Sudeste,RJ,33,31/05/20,23,53388,968,5344,67
Sudeste,RJ,33,01/06/20,23,54530,1142,5462,118
Sudeste,RJ,33,02/06/20,23,56732,2202,5686,224
Sudeste,RJ,33,03/06/20,23,59240,2508,6010,324
Sudeste,RJ,33,04/06/20,23,60932,1692,6327,317
Sudeste,RJ,33,05/06/20,23,63066,2134,6473,146
Sudeste,RJ,33,06/06/20,23,64533,1467,6639,166
Sudeste,RJ,33,07/06/20,24,67756,3223,6707,68
Sudeste,RJ,33,08/06/20,24,69499,1743,6781,74
Sudeste,SP,35,26/02/20,9,1,1,0,0
Sudeste,SP,35,27/02/20,9,1,0,0,0
Sudeste,SP,35,28/02/20,9,1,0,0,0
Sudeste,SP,35,29/02/20,9,2,1,0,0
Sudeste,SP,35,01/03/20,10,2,0,0,0
Sudeste,SP,35,02/03/20,10,2,0,0,0
Sudeste,SP,35,03/03/20,10,2,0,0,0
Sudeste,SP,35,04/03/20,10,3,1,0,0
Sudeste,SP,35,05/03/20,10,6,3,0,0
Sudeste,SP,35,06/03/20,10,10,4,0,0
Sudeste,SP,35,07/03/20,10,13,3,0,0
Sudeste,SP,35,08/03/20,11,16,3,0,0
Sudeste,SP,35,09/03/20,11,16,0,0,0
Sudeste,SP,35,10/03/20,11,19,3,0,0
Sudeste,SP,35,11/03/20,11,30,11,0,0
Sudeste,SP,35,12/03/20,11,42,12,0,0
Sudeste,SP,35,13/03/20,11,56,14,0,0
Sudeste,SP,35,14/03/20,11,65,9,0,0
Sudeste,SP,35,15/03/20,12,136,71,0,0
Sudeste,SP,35,16/03/20,12,152,16,0,0
Sudeste,SP,35,17/03/20,12,164,12,1,1
Sudeste,SP,35,18/03/20,12,240,76,4,3
Sudeste,SP,35,19/03/20,12,286,46,4,0
Sudeste,SP,35,20/03/20,12,396,110,9,5
Sudeste,SP,35,21/03/20,12,459,63,15,6
Sudeste,SP,35,22/03/20,13,631,172,22,7
Sudeste,SP,35,23/03/20,13,745,114,30,8
Sudeste,SP,35,24/03/20,13,810,65,40,10
Sudeste,SP,35,25/03/20,13,862,52,48,8
Sudeste,SP,35,26/03/20,13,1052,190,58,10
Sudeste,SP,35,27/03/20,13,1223,171,68,10
Sudeste,SP,35,28/03/20,13,1406,183,84,16
Sudeste,SP,35,29/03/20,14,1451,45,98,14
Sudeste,SP,35,30/03/20,14,1517,66,113,15
Sudeste,SP,35,31/03/20,14,2339,822,136,23
Sudeste,SP,35,01/04/20,14,2981,642,164,28
Sudeste,SP,35,02/04/20,14,3506,525,188,24
Sudeste,SP,35,03/04/20,14,4048,542,219,31
Sudeste,SP,35,04/04/20,14,4466,418,260,41
Sudeste,SP,35,05/04/20,15,4620,154,275,15
Sudeste,SP,35,06/04/20,15,4866,246,304,29
Sudeste,SP,35,07/04/20,15,5682,816,371,67
Sudeste,SP,35,08/04/20,15,6708,1026,428,57
Sudeste,SP,35,09/04/20,15,7480,772,496,68
Sudeste,SP,35,10/04/20,15,8216,736,540,44
Sudeste,SP,35,11/04/20,15,8419,203,560,20
Sudeste,SP,35,12/04/20,16,8755,336,588,28
Sudeste,SP,35,13/04/20,16,8895,140,608,20
Sudeste,SP,35,14/04/20,16,9371,476,695,87
Sudeste,SP,35,15/04/20,16,11043,1672,778,83
Sudeste,SP,35,16/04/20,16,11568,525,853,75
Sudeste,SP,35,17/04/20,16,12841,1273,928,75
Sudeste,SP,35,18/04/20,16,13894,1053,991,63
Sudeste,SP,35,19/04/20,17,14267,373,1015,24
Sudeste,SP,35,20/04/20,17,14580,313,1037,22
Sudeste,SP,35,21/04/20,17,15385,805,1093,56
Sudeste,SP,35,22/04/20,17,15914,529,1134,41
Sudeste,SP,35,23/04/20,17,16740,826,1345,211
Sudeste,SP,35,24/04/20,17,17826,1086,1512,167
Sudeste,SP,35,25/04/20,17,20004,2178,1667,155
Sudeste,SP,35,26/04/20,18,20715,711,1700,33
Sudeste,SP,35,27/04/20,18,21696,981,1825,125
Sudeste,SP,35,28/04/20,18,24041,2345,2049,224
Sudeste,SP,35,29/04/20,18,26158,2117,2247,198
Sudeste,SP,35,30/04/20,18,28698,2540,2375,128
Sudeste,SP,35,01/05/20,18,30374,1676,2511,136
Sudeste,SP,35,02/05/20,18,31174,800,2586,75
Sudeste,SP,35,03/05/20,19,31772,598,2627,41
Sudeste,SP,35,04/05/20,19,32187,415,2654,27
Sudeste,SP,35,05/05/20,19,34053,1866,2851,197
Sudeste,SP,35,06/05/20,19,37853,3800,3045,194
Sudeste,SP,35,07/05/20,19,39928,2075,3206,161
Sudeste,SP,35,08/05/20,19,41830,1902,3416,210
Sudeste,SP,35,09/05/20,19,44411,2581,3608,192
Sudeste,SP,35,10/05/20,20,45444,1033,3709,101
Sudeste,SP,35,11/05/20,20,46131,687,3743,34
Sudeste,SP,35,12/05/20,20,47719,1588,3949,206
Sudeste,SP,35,13/05/20,20,51097,3378,4118,169
Sudeste,SP,35,14/05/20,20,54286,3189,4315,197
Sudeste,SP,35,15/05/20,20,58378,4092,4501,186
Sudeste,SP,35,16/05/20,20,61183,2805,4688,187
Sudeste,SP,35,17/05/20,21,62345,1162,4782,94
Sudeste,SP,35,18/05/20,21,63066,721,4823,41
Sudeste,SP,35,19/05/20,21,65995,2929,5147,324
Sudeste,SP,35,20/05/20,21,69859,3864,5363,216
Sudeste,SP,35,21/05/20,21,73739,3880,5558,195
Sudeste,SP,35,22/05/20,21,76871,3132,5773,215
Sudeste,SP,35,23/05/20,21,80558,3687,6045,272
Sudeste,SP,35,24/05/20,22,82161,1603,6163,118
Sudeste,SP,35,25/05/20,22,83625,1464,6220,57
Sudeste,SP,35,26/05/20,22,86017,2392,6423,203
Sudeste,SP,35,27/05/20,22,89483,3466,6712,289
Sudeste,SP,35,28/05/20,22,95865,6382,6980,268
Sudeste,SP,35,29/05/20,22,101556,5691,7275,295
Sudeste,SP,35,30/05/20,22,107142,5586,7532,257
Sudeste,SP,35,31/05/20,23,109698,2556,7615,83
Sudeste,SP,35,01/06/20,23,111296,1598,7667,52
Sudeste,SP,35,02/06/20,23,118295,6999,7994,327
Sudeste,SP,35,03/06/20,23,123483,5188,8276,282
Sudeste,SP,35,04/06/20,23,129200,5717,8560,284
Sudeste,SP,35,05/06/20,23,134565,5365,8842,282
Sudeste,SP,35,06/06/20,23,140549,5984,9058,216
Sudeste,SP,35,07/06/20,24,143073,2524,9145,87
Sudeste,SP,35,08/06/20,24,144593,1520,9188,43
Sul,PR,41,12/03/20,11,6,6,0,0
Sul,PR,41,13/03/20,11,6,0,0,0
Sul,PR,41,14/03/20,11,6,0,0,0
Sul,PR,41,15/03/20,12,6,0,0,0
Sul,PR,41,16/03/20,12,6,0,0,0
Sul,PR,41,17/03/20,12,6,0,0,0
Sul,PR,41,18/03/20,12,13,7,0,0
Sul,PR,41,19/03/20,12,23,10,0,0
Sul,PR,41,20/03/20,12,32,9,0,0
Sul,PR,41,21/03/20,12,43,11,0,0
Sul,PR,41,22/03/20,13,50,7,0,0
Sul,PR,41,23/03/20,13,56,6,0,0
Sul,PR,41,24/03/20,13,65,9,0,0
Sul,PR,41,25/03/20,13,81,16,0,0
Sul,PR,41,26/03/20,13,102,21,0,0
Sul,PR,41,27/03/20,13,119,17,2,2
Sul,PR,41,28/03/20,13,133,14,2,0
Sul,PR,41,29/03/20,14,148,15,2,0
Sul,PR,41,30/03/20,14,155,7,3,1
Sul,PR,41,31/03/20,14,179,24,3,0
Sul,PR,41,01/04/20,14,224,45,3,0
Sul,PR,41,02/04/20,14,252,28,4,1
Sul,PR,41,03/04/20,14,301,49,4,0
Sul,PR,41,04/04/20,14,395,94,6,2
Sul,PR,41,05/04/20,15,438,43,9,3
Sul,PR,41,06/04/20,15,458,20,11,2
Sul,PR,41,07/04/20,15,503,45,15,4
Sul,PR,41,08/04/20,15,539,36,17,2
Sul,PR,41,09/04/20,15,609,70,22,5
Sul,PR,41,10/04/20,15,643,34,25,3
Sul,PR,41,11/04/20,15,676,33,26,1
Sul,PR,41,12/04/20,16,738,62,30,4
Sul,PR,41,13/04/20,16,756,18,31,1
Sul,PR,41,14/04/20,16,791,35,36,5
Sul,PR,41,15/04/20,16,803,12,38,2
Sul,PR,41,16/04/20,16,832,29,41,3
Sul,PR,41,17/04/20,16,874,42,42,1
Sul,PR,41,18/04/20,16,945,71,46,4
Sul,PR,41,19/04/20,17,987,42,48,2
Sul,PR,41,20/04/20,17,1007,20,51,3
Sul,PR,41,21/04/20,17,1024,17,51,0
Sul,PR,41,22/04/20,17,1063,39,57,6
Sul,PR,41,23/04/20,17,1082,19,60,3
Sul,PR,41,24/04/20,17,1119,37,64,4
Sul,PR,41,25/04/20,17,1140,21,69,5
Sul,PR,41,26/04/20,18,1156,16,72,3
Sul,PR,41,27/04/20,18,1186,30,75,3
Sul,PR,41,28/04/20,18,1271,85,77,2
Sul,PR,41,29/04/20,18,1348,77,82,5
Sul,PR,41,30/04/20,18,1407,59,83,1
Sul,PR,41,01/05/20,18,1447,40,89,6
Sul,PR,41,02/05/20,18,1492,45,90,1
Sul,PR,41,03/05/20,19,1514,22,93,3
Sul,PR,41,04/05/20,19,1562,48,94,1
Sul,PR,41,05/05/20,19,1588,26,99,5
Sul,PR,41,06/05/20,19,1627,39,101,2
Sul,PR,41,07/05/20,19,1656,29,104,3
Sul,PR,41,08/05/20,19,1711,55,106,2
Sul,PR,41,09/05/20,19,1785,74,107,1
Sul,PR,41,10/05/20,20,1835,50,109,2
Sul,PR,41,11/05/20,20,1849,14,111,2
Sul,PR,41,12/05/20,20,1906,57,113,2
Sul,PR,41,13/05/20,20,1996,90,117,4
Sul,PR,41,14/05/20,20,2063,67,119,2
Sul,PR,41,15/05/20,20,2139,76,120,1
Sul,PR,41,16/05/20,20,2242,103,123,3
Sul,PR,41,17/05/20,21,2286,44,124,1
Sul,PR,41,18/05/20,21,2360,74,127,3
Sul,PR,41,19/05/20,21,2481,121,129,2
Sul,PR,41,20/05/20,21,2616,135,137,8
Sul,PR,41,21/05/20,21,2810,194,141,4
Sul,PR,41,22/05/20,21,2939,129,146,5
Sul,PR,41,23/05/20,21,3099,160,150,4
Sul,PR,41,24/05/20,22,3212,113,153,3
Sul,PR,41,25/05/20,22,3331,119,156,3
Sul,PR,41,26/05/20,22,3512,181,159,3
Sul,PR,41,27/05/20,22,3712,200,162,3
Sul,PR,41,28/05/20,22,3984,272,169,7
Sul,PR,41,29/05/20,22,4236,252,173,4
Sul,PR,41,30/05/20,22,4473,237,181,8
Sul,PR,41,31/05/20,23,4687,214,182,1
Sul,PR,41,01/06/20,23,4835,148,190,8
Sul,PR,41,02/06/20,23,5163,328,199,9
Sul,PR,41,03/06/20,23,5494,331,205,6
Sul,PR,41,04/06/20,23,5820,326,215,10
Sul,PR,41,05/06/20,23,6348,528,227,12
Sul,PR,41,06/06/20,23,6605,257,232,5
Sul,PR,41,07/06/20,24,6897,292,237,5
Sul,PR,41,08/06/20,24,7031,134,243,6
Sul,SC,42,13/03/20,11,2,2,0,0
Sul,SC,42,14/03/20,11,4,2,0,0
Sul,SC,42,15/03/20,12,6,2,0,0
Sul,SC,42,16/03/20,12,7,1,0,0
Sul,SC,42,17/03/20,12,7,0,0,0
Sul,SC,42,18/03/20,12,10,3,0,0
Sul,SC,42,19/03/20,12,20,10,0,0
Sul,SC,42,20/03/20,12,21,1,0,0
Sul,SC,42,21/03/20,12,51,30,0,0
Sul,SC,42,22/03/20,13,57,6,0,0
Sul,SC,42,23/03/20,13,68,11,0,0
Sul,SC,42,24/03/20,13,107,39,0,0
Sul,SC,42,25/03/20,13,109,2,0,0
Sul,SC,42,26/03/20,13,122,13,1,1
Sul,SC,42,27/03/20,13,149,27,1,0
Sul,SC,42,28/03/20,13,184,35,1,0
Sul,SC,42,29/03/20,14,194,10,1,0
Sul,SC,42,30/03/20,14,197,3,1,0
Sul,SC,42,31/03/20,14,219,22,2,1
Sul,SC,42,01/04/20,14,235,16,2,0
Sul,SC,42,02/04/20,14,247,12,2,0
Sul,SC,42,03/04/20,14,281,34,5,3
Sul,SC,42,04/04/20,14,334,53,5,0
Sul,SC,42,05/04/20,15,357,23,10,5
Sul,SC,42,06/04/20,15,379,22,10,0
Sul,SC,42,07/04/20,15,417,38,11,1
Sul,SC,42,08/04/20,15,457,40,15,4
Sul,SC,42,09/04/20,15,501,44,17,2
Sul,SC,42,10/04/20,15,693,192,18,1
Sul,SC,42,11/04/20,15,732,39,21,3
Sul,SC,42,12/04/20,16,768,36,24,3
Sul,SC,42,13/04/20,16,777,9,24,0
Sul,SC,42,14/04/20,16,826,49,26,2
Sul,SC,42,15/04/20,16,853,27,28,2
Sul,SC,42,16/04/20,16,884,31,29,1
Sul,SC,42,17/04/20,16,926,42,30,1
Sul,SC,42,18/04/20,16,962,36,31,1
Sul,SC,42,19/04/20,17,975,13,32,1
Sul,SC,42,20/04/20,17,1025,50,35,3
Sul,SC,42,21/04/20,17,1063,38,35,0
Sul,SC,42,22/04/20,17,1091,28,37,2
Sul,SC,42,23/04/20,17,1115,24,39,2
Sul,SC,42,24/04/20,17,1170,55,42,3
Sul,SC,42,25/04/20,17,1209,39,42,0
Sul,SC,42,26/04/20,18,1235,26,42,0
Sul,SC,42,27/04/20,18,1337,102,43,1
Sul,SC,42,28/04/20,18,1476,139,44,1
Sul,SC,42,29/04/20,18,1995,519,44,0
Sul,SC,42,30/04/20,18,2085,90,46,2
Sul,SC,42,01/05/20,18,2104,19,48,2
Sul,SC,42,02/05/20,18,2346,242,52,4
Sul,SC,42,03/05/20,19,2346,0,52,0
Sul,SC,42,04/05/20,19,2519,173,52,0
Sul,SC,42,05/05/20,19,2623,104,55,3
Sul,SC,42,06/05/20,19,2917,294,59,4
Sul,SC,42,07/05/20,19,3082,165,63,4
Sul,SC,42,08/05/20,19,3205,123,63,0
Sul,SC,42,09/05/20,19,3372,167,64,1
Sul,SC,42,10/05/20,20,3429,57,65,1
Sul,SC,42,11/05/20,20,3529,100,69,4
Sul,SC,42,12/05/20,20,3733,204,73,4
Sul,SC,42,13/05/20,20,3828,95,73,0
Sul,SC,42,14/05/20,20,4332,504,78,5
Sul,SC,42,15/05/20,20,4562,230,79,1
Sul,SC,42,16/05/20,20,4678,116,81,2
Sul,SC,42,17/05/20,21,4776,98,83,2
Sul,SC,42,18/05/20,21,5175,399,85,2
Sul,SC,42,19/05/20,21,5413,238,91,6
Sul,SC,42,20/05/20,21,5499,86,94,3
Sul,SC,42,21/05/20,21,5610,111,98,4
Sul,SC,42,22/05/20,21,6458,848,100,2
Sul,SC,42,23/05/20,21,6607,149,103,3
Sul,SC,42,24/05/20,22,6696,89,105,2
Sul,SC,42,25/05/20,22,6875,179,109,4
Sul,SC,42,26/05/20,22,7016,141,121,12
Sul,SC,42,27/05/20,22,7372,356,126,5
Sul,SC,42,28/05/20,22,8000,628,131,5
Sul,SC,42,29/05/20,22,8530,530,134,3
Sul,SC,42,30/05/20,22,8778,248,136,2
Sul,SC,42,31/05/20,23,9037,259,143,7
Sul,SC,42,01/06/20,23,9498,461,146,3
Sul,SC,42,02/06/20,23,9660,162,148,2
Sul,SC,42,03/06/20,23,10034,374,152,4
Sul,SC,42,04/06/20,23,10532,498,156,4
Sul,SC,42,05/06/20,23,10846,314,159,3
Sul,SC,42,06/06/20,23,11285,439,166,7
Sul,SC,42,07/06/20,24,11565,280,171,5
Sul,SC,42,08/06/20,24,11565,0,171,0
Sul,RS,43,10/03/20,11,1,1,0,0
Sul,RS,43,11/03/20,11,2,1,0,0
Sul,RS,43,12/03/20,11,4,2,0,0
Sul,RS,43,13/03/20,11,4,0,0,0
Sul,RS,43,14/03/20,11,6,2,0,0
Sul,RS,43,15/03/20,12,6,0,0,0
Sul,RS,43,16/03/20,12,6,0,0,0
Sul,RS,43,17/03/20,12,10,4,0,0
Sul,RS,43,18/03/20,12,19,9,0,0
Sul,RS,43,19/03/20,12,28,9,0,0
Sul,RS,43,20/03/20,12,37,9,0,0
Sul,RS,43,21/03/20,12,60,23,0,0
Sul,RS,43,22/03/20,13,72,12,0,0
Sul,RS,43,23/03/20,13,86,14,0,0
Sul,RS,43,24/03/20,13,98,12,0,0
Sul,RS,43,25/03/20,13,123,25,1,1
Sul,RS,43,26/03/20,13,168,45,1,0
Sul,RS,43,27/03/20,13,195,27,2,1
Sul,RS,43,28/03/20,13,197,2,2,0
Sul,RS,43,29/03/20,14,226,29,2,0
Sul,RS,43,30/03/20,14,241,15,3,1
Sul,RS,43,31/03/20,14,274,33,4,1
Sul,RS,43,01/04/20,14,306,32,4,0
Sul,RS,43,02/04/20,14,334,28,5,1
Sul,RS,43,03/04/20,14,396,62,5,0
Sul,RS,43,04/04/20,14,410,14,6,1
Sul,RS,43,05/04/20,15,418,8,7,1
Sul,RS,43,06/04/20,15,481,63,7,0
Sul,RS,43,07/04/20,15,508,27,8,1
Sul,RS,43,08/04/20,15,555,47,9,1
Sul,RS,43,09/04/20,15,618,63,12,3
Sul,RS,43,10/04/20,15,636,18,14,2
Sul,RS,43,11/04/20,15,640,4,15,1
Sul,RS,43,12/04/20,16,653,13,16,1
Sul,RS,43,13/04/20,16,664,11,16,0
Sul,RS,43,14/04/20,16,700,36,18,2
Sul,RS,43,15/04/20,16,747,47,19,1
Sul,RS,43,16/04/20,16,780,33,19,0
Sul,RS,43,17/04/20,16,802,22,22,3
Sul,RS,43,18/04/20,16,831,29,24,2
Sul,RS,43,19/04/20,17,854,23,24,0
Sul,RS,43,20/04/20,17,889,35,27,3
Sul,RS,43,21/04/20,17,904,15,27,0
Sul,RS,43,22/04/20,17,923,19,27,0
Sul,RS,43,23/04/20,17,994,71,29,2
Sul,RS,43,24/04/20,17,1061,67,31,2
Sul,RS,43,25/04/20,17,1096,35,34,3
Sul,RS,43,26/04/20,18,1166,70,35,1
Sul,RS,43,27/04/20,18,1228,62,42,7
Sul,RS,43,28/04/20,18,1286,58,45,3
Sul,RS,43,29/04/20,18,1368,82,50,5
Sul,RS,43,30/04/20,18,1466,98,51,1
Sul,RS,43,01/05/20,18,1529,63,58,7
Sul,RS,43,02/05/20,18,1619,90,62,4
Sul,RS,43,03/05/20,19,1666,47,65,3
Sul,RS,43,04/05/20,19,1711,45,74,9
Sul,RS,43,05/05/20,19,1815,104,79,5
Sul,RS,43,06/05/20,19,2050,235,87,8
Sul,RS,43,07/05/20,19,2129,79,90,3
Sul,RS,43,08/05/20,19,2447,318,91,1
Sul,RS,43,09/05/20,19,2493,46,95,4
Sul,RS,43,10/05/20,20,2542,49,97,2
Sul,RS,43,11/05/20,20,2576,34,105,8
Sul,RS,43,12/05/20,20,2917,341,111,6
Sul,RS,43,13/05/20,20,2917,0,111,0
Sul,RS,43,14/05/20,20,2997,80,120,9
Sul,RS,43,15/05/20,20,3597,600,126,6
Sul,RS,43,16/05/20,20,3695,98,132,6
Sul,RS,43,17/05/20,21,3735,40,142,10
Sul,RS,43,18/05/20,21,3735,0,144,2
Sul,RS,43,19/05/20,21,3750,15,151,7
Sul,RS,43,20/05/20,21,4973,1223,161,10
Sul,RS,43,21/05/20,21,5473,500,166,5
Sul,RS,43,22/05/20,21,5918,445,172,6
Sul,RS,43,23/05/20,21,6336,418,176,4
Sul,RS,43,24/05/20,22,6470,134,180,4
Sul,RS,43,25/05/20,22,6559,89,197,17
Sul,RS,43,26/05/20,22,6785,226,203,6
Sul,RS,43,27/05/20,22,7048,263,209,6
Sul,RS,43,28/05/20,22,8234,1186,213,4
Sul,RS,43,29/05/20,22,8234,0,213,0
Sul,RS,43,30/05/20,22,9242,1008,218,5
Sul,RS,43,31/05/20,23,9332,90,224,6
Sul,RS,43,01/06/20,23,9332,0,232,8
Sul,RS,43,02/06/20,23,9919,587,245,13
Sul,RS,43,03/06/20,23,10398,479,258,13
Sul,RS,43,04/06/20,23,11010,612,265,7
Sul,RS,43,05/06/20,23,11583,573,276,11
Sul,RS,43,06/06/20,23,12037,454,283,7
Sul,RS,43,07/06/20,24,12135,98,286,3
Sul,RS,43,08/06/20,24,12250,115,291,5
Centro-Oeste,MS,50,16/03/20,12,2,2,0,0
Centro-Oeste,MS,50,17/03/20,12,4,2,0,0
Centro-Oeste,MS,50,18/03/20,12,7,3,0,0
Centro-Oeste,MS,50,19/03/20,12,7,0,0,0
Centro-Oeste,MS,50,20/03/20,12,9,2,0,0
Centro-Oeste,MS,50,21/03/20,12,16,7,0,0
Centro-Oeste,MS,50,22/03/20,13,21,5,0,0
Centro-Oeste,MS,50,23/03/20,13,21,0,0,0
Centro-Oeste,MS,50,24/03/20,13,23,2,0,0
Centro-Oeste,MS,50,25/03/20,13,24,1,0,0
Centro-Oeste,MS,50,26/03/20,13,25,1,0,0
Centro-Oeste,MS,50,27/03/20,13,28,3,0,0
Centro-Oeste,MS,50,28/03/20,13,31,3,0,0
Centro-Oeste,MS,50,29/03/20,14,36,5,0,0
Centro-Oeste,MS,50,30/03/20,14,44,8,0,0
Centro-Oeste,MS,50,31/03/20,14,48,4,1,1
Centro-Oeste,MS,50,01/04/20,14,51,3,1,0
Centro-Oeste,MS,50,02/04/20,14,53,2,1,0
Centro-Oeste,MS,50,03/04/20,14,60,7,1,0
Centro-Oeste,MS,50,04/04/20,14,62,2,1,0
Centro-Oeste,MS,50,05/04/20,15,65,3,1,0
Centro-Oeste,MS,50,06/04/20,15,66,1,1,0
Centro-Oeste,MS,50,07/04/20,15,80,14,2,1
Centro-Oeste,MS,50,08/04/20,15,85,5,2,0
Centro-Oeste,MS,50,09/04/20,15,89,4,2,0
Centro-Oeste,MS,50,10/04/20,15,97,8,2,0
Centro-Oeste,MS,50,11/04/20,15,100,3,2,0
Centro-Oeste,MS,50,12/04/20,16,101,1,2,0
Centro-Oeste,MS,50,13/04/20,16,113,12,4,2
Centro-Oeste,MS,50,14/04/20,16,115,2,4,0
Centro-Oeste,MS,50,15/04/20,16,121,6,4,0
Centro-Oeste,MS,50,16/04/20,16,131,10,5,1
Centro-Oeste,MS,50,17/04/20,16,143,12,5,0
Centro-Oeste,MS,50,18/04/20,16,161,18,5,0
Centro-Oeste,MS,50,19/04/20,17,168,7,5,0
Centro-Oeste,MS,50,20/04/20,17,171,3,5,0
Centro-Oeste,MS,50,21/04/20,17,173,2,6,1
Centro-Oeste,MS,50,22/04/20,17,175,2,6,0
Centro-Oeste,MS,50,23/04/20,17,186,11,7,1
Centro-Oeste,MS,50,24/04/20,17,213,27,7,0
Centro-Oeste,MS,50,25/04/20,17,217,4,7,0
Centro-Oeste,MS,50,26/04/20,18,234,17,7,0
Centro-Oeste,MS,50,27/04/20,18,238,4,9,2
Centro-Oeste,MS,50,28/04/20,18,240,2,9,0
Centro-Oeste,MS,50,29/04/20,18,249,9,9,0
Centro-Oeste,MS,50,30/04/20,18,255,6,9,0
Centro-Oeste,MS,50,01/05/20,18,261,6,9,0
Centro-Oeste,MS,50,02/05/20,18,266,5,9,0
Centro-Oeste,MS,50,03/05/20,19,272,6,10,1
Centro-Oeste,MS,50,04/05/20,19,274,2,10,0
Centro-Oeste,MS,50,05/05/20,19,283,9,10,0
Centro-Oeste,MS,50,06/05/20,19,288,5,10,0
Centro-Oeste,MS,50,07/05/20,19,311,23,10,0
Centro-Oeste,MS,50,08/05/20,19,326,15,11,1
Centro-Oeste,MS,50,09/05/20,19,346,20,11,0
Centro-Oeste,MS,50,10/05/20,20,362,16,11,0
Centro-Oeste,MS,50,11/05/20,20,385,23,11,0
Centro-Oeste,MS,50,12/05/20,20,405,20,12,1
Centro-Oeste,MS,50,13/05/20,20,430,25,13,1
Centro-Oeste,MS,50,14/05/20,20,452,22,14,1
Centro-Oeste,MS,50,15/05/20,20,479,27,14,0
Centro-Oeste,MS,50,16/05/20,20,508,29,15,1
Centro-Oeste,MS,50,17/05/20,21,570,62,15,0
Centro-Oeste,MS,50,18/05/20,21,613,43,16,1
Centro-Oeste,MS,50,19/05/20,21,642,29,16,0
Centro-Oeste,MS,50,20/05/20,21,693,51,17,1
Centro-Oeste,MS,50,21/05/20,21,746,53,17,0
Centro-Oeste,MS,50,22/05/20,21,805,59,17,0
Centro-Oeste,MS,50,23/05/20,21,858,53,17,0
Centro-Oeste,MS,50,24/05/20,22,924,66,17,0
Centro-Oeste,MS,50,25/05/20,22,1023,99,17,0
Centro-Oeste,MS,50,26/05/20,22,1100,77,17,0
Centro-Oeste,MS,50,27/05/20,22,1186,86,18,1
Centro-Oeste,MS,50,28/05/20,22,1262,76,18,0
Centro-Oeste,MS,50,29/05/20,22,1356,94,18,0
Centro-Oeste,MS,50,30/05/20,22,1418,62,19,1
Centro-Oeste,MS,50,31/05/20,23,1489,71,20,1
Centro-Oeste,MS,50,01/06/20,23,1568,79,20,0
Centro-Oeste,MS,50,02/06/20,23,1646,78,20,0
Centro-Oeste,MS,50,03/06/20,23,1802,156,20,0
Centro-Oeste,MS,50,04/06/20,23,1925,123,20,0
Centro-Oeste,MS,50,05/06/20,23,1997,72,21,1
Centro-Oeste,MS,50,06/06/20,23,2132,135,21,0
Centro-Oeste,MS,50,07/06/20,24,2253,121,21,0
Centro-Oeste,MS,50,08/06/20,24,2324,71,22,1
Centro-Oeste,MT,51,20/03/20,12,1,1,0,0
Centro-Oeste,MT,51,21/03/20,12,2,1,0,0
Centro-Oeste,MT,51,22/03/20,13,2,0,0,0
Centro-Oeste,MT,51,23/03/20,13,2,0,0,0
Centro-Oeste,MT,51,24/03/20,13,7,5,0,0
Centro-Oeste,MT,51,25/03/20,13,8,1,0,0
Centro-Oeste,MT,51,26/03/20,13,11,3,0,0
Centro-Oeste,MT,51,27/03/20,13,11,0,0,0
Centro-Oeste,MT,51,28/03/20,13,13,2,0,0
Centro-Oeste,MT,51,29/03/20,14,16,3,0,0
Centro-Oeste,MT,51,30/03/20,14,18,2,0,0
Centro-Oeste,MT,51,31/03/20,14,25,7,0,0
Centro-Oeste,MT,51,01/04/20,14,27,2,0,0
Centro-Oeste,MT,51,02/04/20,14,36,9,0,0
Centro-Oeste,MT,51,03/04/20,14,44,8,1,1
Centro-Oeste,MT,51,04/04/20,14,56,12,1,0
Centro-Oeste,MT,51,05/04/20,15,60,4,1,0
Centro-Oeste,MT,51,06/04/20,15,76,16,1,0
Centro-Oeste,MT,51,07/04/20,15,78,2,1,0
Centro-Oeste,MT,51,08/04/20,15,90,12,1,0
Centro-Oeste,MT,51,09/04/20,15,108,18,2,1
Centro-Oeste,MT,51,10/04/20,15,112,4,2,0
Centro-Oeste,MT,51,11/04/20,15,121,9,3,1
Centro-Oeste,MT,51,12/04/20,16,123,2,3,0
Centro-Oeste,MT,51,13/04/20,16,134,11,4,1
Centro-Oeste,MT,51,14/04/20,16,138,4,4,0
Centro-Oeste,MT,51,15/04/20,16,151,13,4,0
Centro-Oeste,MT,51,16/04/20,16,156,5,5,1
Centro-Oeste,MT,51,17/04/20,16,162,6,5,0
Centro-Oeste,MT,51,18/04/20,16,171,9,5,0
Centro-Oeste,MT,51,19/04/20,17,174,3,5,0
Centro-Oeste,MT,51,20/04/20,17,181,7,6,1
Centro-Oeste,MT,51,21/04/20,17,181,0,6,0
Centro-Oeste,MT,51,22/04/20,17,183,2,6,0
Centro-Oeste,MT,51,23/04/20,17,221,38,7,1
Centro-Oeste,MT,51,24/04/20,17,240,19,8,1
Centro-Oeste,MT,51,25/04/20,17,247,7,9,1
Centro-Oeste,MT,51,26/04/20,18,250,3,9,0
Centro-Oeste,MT,51,27/04/20,18,257,7,10,1
Centro-Oeste,MT,51,28/04/20,18,261,4,11,1
Centro-Oeste,MT,51,29/04/20,18,292,31,11,0
Centro-Oeste,MT,51,30/04/20,18,297,5,11,0
Centro-Oeste,MT,51,01/05/20,18,320,23,11,0
Centro-Oeste,MT,51,02/05/20,18,331,11,12,1
Centro-Oeste,MT,51,03/05/20,19,337,6,12,0
Centro-Oeste,MT,51,04/05/20,19,344,7,13,1
Centro-Oeste,MT,51,05/05/20,19,365,21,13,0
Centro-Oeste,MT,51,06/05/20,19,379,14,13,0
Centro-Oeste,MT,51,07/05/20,19,417,38,13,0
Centro-Oeste,MT,51,08/05/20,19,457,40,14,1
Centro-Oeste,MT,51,09/05/20,19,502,45,16,2
Centro-Oeste,MT,51,10/05/20,20,519,17,18,2
Centro-Oeste,MT,51,11/05/20,20,541,22,19,1
Centro-Oeste,MT,51,12/05/20,20,591,50,19,0
Centro-Oeste,MT,51,13/05/20,20,661,70,20,1
Centro-Oeste,MT,51,14/05/20,20,719,58,23,3
Centro-Oeste,MT,51,15/05/20,20,779,60,26,3
Centro-Oeste,MT,51,16/05/20,20,851,72,27,1
Centro-Oeste,MT,51,17/05/20,21,901,50,27,0
Centro-Oeste,MT,51,18/05/20,21,937,36,29,2
Centro-Oeste,MT,51,19/05/20,21,995,58,32,3
Centro-Oeste,MT,51,20/05/20,21,1054,59,32,0
Centro-Oeste,MT,51,21/05/20,21,1172,118,34,2
Centro-Oeste,MT,51,22/05/20,21,1220,48,37,3
Centro-Oeste,MT,51,23/05/20,21,1352,132,37,0
Centro-Oeste,MT,51,24/05/20,22,1462,110,40,3
Centro-Oeste,MT,51,25/05/20,22,1500,38,41,1
Centro-Oeste,MT,51,26/05/20,22,1628,128,43,2
Centro-Oeste,MT,51,27/05/20,22,1839,211,46,3
Centro-Oeste,MT,51,28/05/20,22,1951,112,51,5
Centro-Oeste,MT,51,29/05/20,22,2103,152,56,5
Centro-Oeste,MT,51,30/05/20,22,2361,258,57,1
Centro-Oeste,MT,51,31/05/20,23,2429,68,61,4
Centro-Oeste,MT,51,01/06/20,23,2541,112,66,5
Centro-Oeste,MT,51,02/06/20,23,2709,168,70,4
Centro-Oeste,MT,51,03/06/20,23,2848,139,76,6
Centro-Oeste,MT,51,04/06/20,23,3194,346,82,6
Centro-Oeste,MT,51,05/06/20,23,3481,287,88,6
Centro-Oeste,MT,51,06/06/20,23,3662,181,96,8
Centro-Oeste,MT,51,07/06/20,24,3878,216,109,13
Centro-Oeste,MT,51,08/06/20,24,4100,222,116,7
Centro-Oeste,GO,52,13/03/20,11,3,3,0,0
Centro-Oeste,GO,52,14/03/20,11,3,0,0,0
Centro-Oeste,GO,52,15/03/20,12,3,0,0,0
Centro-Oeste,GO,52,16/03/20,12,3,0,0,0
Centro-Oeste,GO,52,17/03/20,12,6,3,0,0
Centro-Oeste,GO,52,18/03/20,12,8,2,0,0
Centro-Oeste,GO,52,19/03/20,12,12,4,0,0
Centro-Oeste,GO,52,20/03/20,12,15,3,0,0
Centro-Oeste,GO,52,21/03/20,12,20,5,0,0
Centro-Oeste,GO,52,22/03/20,13,21,1,0,0
Centro-Oeste,GO,52,23/03/20,13,23,2,0,0
Centro-Oeste,GO,52,24/03/20,13,27,4,0,0
Centro-Oeste,GO,52,25/03/20,13,29,2,0,0
Centro-Oeste,GO,52,26/03/20,13,39,10,1,1
Centro-Oeste,GO,52,27/03/20,13,49,10,1,0
Centro-Oeste,GO,52,28/03/20,13,56,7,1,0
Centro-Oeste,GO,52,29/03/20,14,58,2,1,0
Centro-Oeste,GO,52,30/03/20,14,61,3,1,0
Centro-Oeste,GO,52,31/03/20,14,65,4,1,0
Centro-Oeste,GO,52,01/04/20,14,71,6,1,0
Centro-Oeste,GO,52,02/04/20,14,73,2,1,0
Centro-Oeste,GO,52,03/04/20,14,88,15,2,1
Centro-Oeste,GO,52,04/04/20,14,103,15,2,0
Centro-Oeste,GO,52,05/04/20,15,115,12,3,1
Centro-Oeste,GO,52,06/04/20,15,119,4,5,2
Centro-Oeste,GO,52,07/04/20,15,133,14,5,0
Centro-Oeste,GO,52,08/04/20,15,158,25,7,2
Centro-Oeste,GO,52,09/04/20,15,179,21,7,0
Centro-Oeste,GO,52,10/04/20,15,191,12,8,1
Centro-Oeste,GO,52,11/04/20,15,209,18,10,2
Centro-Oeste,GO,52,12/04/20,16,229,20,14,4
Centro-Oeste,GO,52,13/04/20,16,233,4,15,1
Centro-Oeste,GO,52,14/04/20,16,284,51,15,0
Centro-Oeste,GO,52,15/04/20,16,304,20,15,0
Centro-Oeste,GO,52,16/04/20,16,318,14,16,1
Centro-Oeste,GO,52,17/04/20,16,335,17,16,0
Centro-Oeste,GO,52,18/04/20,16,378,43,18,2
Centro-Oeste,GO,52,19/04/20,17,393,15,18,0
Centro-Oeste,GO,52,20/04/20,17,403,10,19,1
Centro-Oeste,GO,52,21/04/20,17,421,18,19,0
Centro-Oeste,GO,52,22/04/20,17,438,17,21,2
Centro-Oeste,GO,52,23/04/20,17,453,15,23,2
Centro-Oeste,GO,52,24/04/20,17,486,33,24,1
Centro-Oeste,GO,52,25/04/20,17,506,20,25,1
Centro-Oeste,GO,52,26/04/20,18,573,67,25,0
Centro-Oeste,GO,52,27/04/20,18,616,43,26,1
Centro-Oeste,GO,52,28/04/20,18,661,45,27,1
Centro-Oeste,GO,52,29/04/20,18,705,44,27,0
Centro-Oeste,GO,52,30/04/20,18,781,76,29,2
Centro-Oeste,GO,52,01/05/20,18,808,27,29,0
Centro-Oeste,GO,52,02/05/20,18,825,17,30,1
Centro-Oeste,GO,52,03/05/20,19,850,25,30,0
Centro-Oeste,GO,52,04/05/20,19,861,11,30,0
Centro-Oeste,GO,52,05/05/20,19,922,61,38,8
Centro-Oeste,GO,52,06/05/20,19,1024,102,44,6
Centro-Oeste,GO,52,07/05/20,19,1027,3,44,0
Centro-Oeste,GO,52,08/05/20,19,1053,26,47,3
Centro-Oeste,GO,52,09/05/20,19,1069,16,47,0
Centro-Oeste,GO,52,10/05/20,20,1093,24,47,0
Centro-Oeste,GO,52,11/05/20,20,1100,7,49,2
Centro-Oeste,GO,52,12/05/20,20,1115,15,52,3
Centro-Oeste,GO,52,13/05/20,20,1134,19,61,9
Centro-Oeste,GO,52,14/05/20,20,1423,289,64,3
Centro-Oeste,GO,52,15/05/20,20,1572,149,67,3
Centro-Oeste,GO,52,16/05/20,20,1640,68,69,2
Centro-Oeste,GO,52,17/05/20,21,1692,52,70,1
Centro-Oeste,GO,52,18/05/20,21,1749,57,73,3
Centro-Oeste,GO,52,19/05/20,21,1846,97,73,0
Centro-Oeste,GO,52,20/05/20,21,1978,132,78,5
Centro-Oeste,GO,52,21/05/20,21,2114,136,85,7
Centro-Oeste,GO,52,22/05/20,21,2304,190,93,8
Centro-Oeste,GO,52,23/05/20,21,2377,73,95,2
Centro-Oeste,GO,52,24/05/20,22,2443,66,95,0
Centro-Oeste,GO,52,25/05/20,22,2512,69,96,1
Centro-Oeste,GO,52,26/05/20,22,2671,159,104,8
Centro-Oeste,GO,52,27/05/20,22,2843,172,108,4
Centro-Oeste,GO,52,28/05/20,22,3090,247,115,7
Centro-Oeste,GO,52,29/05/20,22,3319,229,119,4
Centro-Oeste,GO,52,30/05/20,22,3585,266,122,3
Centro-Oeste,GO,52,31/05/20,23,3702,117,124,2
Centro-Oeste,GO,52,01/06/20,23,3906,204,127,3
Centro-Oeste,GO,52,02/06/20,23,4377,471,151,24
Centro-Oeste,GO,52,03/06/20,23,4570,193,155,4
Centro-Oeste,GO,52,04/06/20,23,4944,374,164,9
Centro-Oeste,GO,52,05/06/20,23,5373,429,167,3
Centro-Oeste,GO,52,06/06/20,23,5669,296,172,5
Centro-Oeste,GO,52,07/06/20,24,5813,144,173,1
Centro-Oeste,GO,52,08/06/20,24,6124,311,173,0
Centro-Oeste,DF,53,07/03/20,10,1,1,0,0
Centro-Oeste,DF,53,08/03/20,11,1,0,0,0
Centro-Oeste,DF,53,09/03/20,11,1,0,0,0
Centro-Oeste,DF,53,10/03/20,11,1,0,0,0
Centro-Oeste,DF,53,11/03/20,11,2,1,0,0
Centro-Oeste,DF,53,12/03/20,11,2,0,0,0
Centro-Oeste,DF,53,13/03/20,11,2,0,0,0
Centro-Oeste,DF,53,14/03/20,11,6,4,0,0
Centro-Oeste,DF,53,15/03/20,12,8,2,0,0
Centro-Oeste,DF,53,16/03/20,12,13,5,0,0
Centro-Oeste,DF,53,17/03/20,12,22,9,0,0
Centro-Oeste,DF,53,18/03/20,12,26,4,0,0
Centro-Oeste,DF,53,19/03/20,12,42,16,0,0
Centro-Oeste,DF,53,20/03/20,12,87,45,0,0
Centro-Oeste,DF,53,21/03/20,12,100,13,0,0
Centro-Oeste,DF,53,22/03/20,13,117,17,0,0
Centro-Oeste,DF,53,23/03/20,13,133,16,0,0
Centro-Oeste,DF,53,24/03/20,13,160,27,0,0
Centro-Oeste,DF,53,25/03/20,13,160,0,0,0
Centro-Oeste,DF,53,26/03/20,13,200,40,0,0
Centro-Oeste,DF,53,27/03/20,13,230,30,0,0
Centro-Oeste,DF,53,28/03/20,13,260,30,0,0
Centro-Oeste,DF,53,29/03/20,14,289,29,1,1
Centro-Oeste,DF,53,30/03/20,14,312,23,1,0
Centro-Oeste,DF,53,31/03/20,14,332,20,3,2
Centro-Oeste,DF,53,01/04/20,14,355,23,3,0
Centro-Oeste,DF,53,02/04/20,14,370,15,4,1
Centro-Oeste,DF,53,03/04/20,14,402,32,5,1
Centro-Oeste,DF,53,04/04/20,14,454,52,7,2
Centro-Oeste,DF,53,05/04/20,15,468,14,7,0
Centro-Oeste,DF,53,06/04/20,15,473,5,10,3
Centro-Oeste,DF,53,07/04/20,15,492,19,12,2
Centro-Oeste,DF,53,08/04/20,15,509,17,12,0
Centro-Oeste,DF,53,09/04/20,15,527,18,13,1
Centro-Oeste,DF,53,10/04/20,15,555,28,14,1
Centro-Oeste,DF,53,11/04/20,15,579,24,14,0
Centro-Oeste,DF,53,12/04/20,16,614,35,14,0
Centro-Oeste,DF,53,13/04/20,16,638,24,15,1
Centro-Oeste,DF,53,14/04/20,16,651,13,17,2
Centro-Oeste,DF,53,15/04/20,16,682,31,17,0
Centro-Oeste,DF,53,16/04/20,16,716,34,20,3
Centro-Oeste,DF,53,17/04/20,16,746,30,20,0
Centro-Oeste,DF,53,18/04/20,16,762,16,24,4
Centro-Oeste,DF,53,19/04/20,17,827,65,24,0
Centro-Oeste,DF,53,20/04/20,17,872,45,24,0
Centro-Oeste,DF,53,21/04/20,17,881,9,24,0
Centro-Oeste,DF,53,22/04/20,17,946,65,25,1
Centro-Oeste,DF,53,23/04/20,17,963,17,25,0
Centro-Oeste,DF,53,24/04/20,17,989,26,26,1
Centro-Oeste,DF,53,25/04/20,17,1013,24,26,0
Centro-Oeste,DF,53,26/04/20,18,1066,53,27,1
Centro-Oeste,DF,53,27/04/20,18,1146,80,27,0
Centro-Oeste,DF,53,28/04/20,18,1213,67,28,1
Centro-Oeste,DF,53,29/04/20,18,1275,62,28,0
Centro-Oeste,DF,53,30/04/20,18,1356,81,30,2
Centro-Oeste,DF,53,01/05/20,18,1466,110,30,0
Centro-Oeste,DF,53,02/05/20,18,1566,100,31,1
Centro-Oeste,DF,53,03/05/20,19,1649,83,33,2
Centro-Oeste,DF,53,04/05/20,19,1768,119,33,0
Centro-Oeste,DF,53,05/05/20,19,1818,50,33,0
Centro-Oeste,DF,53,06/05/20,19,1906,88,34,1
Centro-Oeste,DF,53,07/05/20,19,2258,352,35,1
Centro-Oeste,DF,53,08/05/20,19,2442,184,37,2
Centro-Oeste,DF,53,09/05/20,19,2576,134,39,2
Centro-Oeste,DF,53,10/05/20,20,2682,106,42,3
Centro-Oeste,DF,53,11/05/20,20,2783,101,44,2
Centro-Oeste,DF,53,12/05/20,20,2979,196,46,2
Centro-Oeste,DF,53,13/05/20,20,3192,213,48,2
Centro-Oeste,DF,53,14/05/20,20,3416,224,51,3
Centro-Oeste,DF,53,15/05/20,20,3787,371,55,4
Centro-Oeste,DF,53,16/05/20,20,4140,353,56,1
Centro-Oeste,DF,53,17/05/20,21,4368,228,59,3
Centro-Oeste,DF,53,18/05/20,21,4619,251,66,7
Centro-Oeste,DF,53,19/05/20,21,4853,234,72,6
Centro-Oeste,DF,53,20/05/20,21,5161,308,77,5
Centro-Oeste,DF,53,21/05/20,21,5542,381,84,7
Centro-Oeste,DF,53,22/05/20,21,5948,406,90,6
Centro-Oeste,DF,53,23/05/20,21,6251,303,95,5
Centro-Oeste,DF,53,24/05/20,22,6638,387,104,9
Centro-Oeste,DF,53,25/05/20,22,6930,292,114,10
Centro-Oeste,DF,53,26/05/20,22,7210,280,124,10
Centro-Oeste,DF,53,27/05/20,22,7761,551,133,9
Centro-Oeste,DF,53,28/05/20,22,8300,539,142,9
Centro-Oeste,DF,53,29/05/20,22,8722,422,154,12
Centro-Oeste,DF,53,30/05/20,22,9474,752,162,8
Centro-Oeste,DF,53,31/05/20,23,9780,306,170,8
Centro-Oeste,DF,53,01/06/20,23,10510,730,171,1
Centro-Oeste,DF,53,02/06/20,23,11256,746,177,6
Centro-Oeste,DF,53,03/06/20,23,12020,764,191,14
Centro-Oeste,DF,53,04/06/20,23,12923,903,196,5
Centro-Oeste,DF,53,05/06/20,23,14208,1285,202,6
Centro-Oeste,DF,53,06/06/20,23,15850,1642,208,6
Centro-Oeste,DF,53,07/06/20,24,16623,773,214,6
Centro-Oeste,DF,53,08/06/20,24,16629,6,214,0
